id,name,type,location,price,amenities
1,Orchid Villas,Villa,Tukkuguda,14828182,"Home Automation, Parking, Gym, CCTV, Power Backup, Security"
2,Lakeview Residency,Apartment,Beeramguda,8321982,"Lift, Swimming Pool, Security"
3,Golden Villas,Villa,Tukkuguda,14733921,"CCTV, Home Automation, Power Backup, Solar Water Heater"
4,Skyline Plaza,Commercial,Kondapur,13872565,"Home Automation, Power Backup, Garden, CCTV, Clubhouse"
5,Golden Flats,Apartment,Gachibowli,12609360,"Security, Lift, Clubhouse"
6,Sunshine Square,Commercial,Madhapur,19420096,"Security, Clubhouse, Solar Water Heater, Gym"
7,Skyline Square,Commercial,Kokapet,12675528,"Lift, CCTV, Garden, Security, Clubhouse, Solar Water Heater"
8,Sunshine Square,Commercial,Tukkuguda,17973204,"Home Automation, Lift, Swimming Pool"
9,Green Villas,Villa,Patancheru,13839054,"Lift, Power Backup, Swimming Pool, Gym"
10,Maple Plaza,Commercial,Kokapet,13511168,"Security, Swimming Pool, Solar Water Heater, Children's Park, Home Automation"
11,Palm Towers,Apartment,Madhapur,7081520,"CCTV, Power Backup, Children's Park, Home Automation, Garden"
12,Golden Estates,Villa,Bachupally,19031285,"Children's Park, Solar Water Heater, Gym"
13,Maple Towers,Apartment,Madhapur,8244229,"Children's Park, Parking, Power Backup, Security, Lift, Clubhouse"
14,Green Heights,Apartment,Madhapur,10650035,"Solar Water Heater, Lift, Garden, Clubhouse"
15,Green Centre,Commercial,Tukkuguda,11745504,"Gym, Children's Park, Garden, Solar Water Heater, CCTV"
16,Orchid Flats,Apartment,Tukkuguda,6496077,"Clubhouse, Gym, Solar Water Heater, Swimming Pool, Children's Park"
17,Maple Flats,Apartment,Beeramguda,6207198,"Gym, Parking, Swimming Pool, Security"
18,Maple Enclave,Villa,Beeramguda,15502950,"Home Automation, Clubhouse, Security, Gym, Power Backup, Children's Park"
19,Green Residency,Apartment,Miyapur,7434080,"Solar Water Heater, Clubhouse, Gym"
20,Golden Flats,Apartment,Jubilee Hills,11351327,"Home Automation, Garden, Lift"
21,Elite Square,Commercial,Patancheru,25763780,"Home Automation, Security, Gym, Solar Water Heater, Parking, Lift"
22,Elite Centre,Commercial,Adibatla,15253506,"CCTV, Swimming Pool, Parking, Lift"
23,Palm Flats,Apartment,Patancheru,5767828,"Garden, Solar Water Heater, Power Backup, Parking"
24,Skyline Residency,Apartment,Patancheru,4833864,"Home Automation, Lift, Security"
25,Orchid Flats,Apartment,Jubilee Hills,16709307,"Lift, Power Backup, Home Automation, Garden"
26,Golden Centre,Commercial,Miyapur,18317450,"Clubhouse, Security, Lift"
27,Meadow Estates,Villa,Gachibowli,27126260,"CCTV, Clubhouse, Lift, Garden"
28,Sunshine Square,Commercial,Madhapur,39030770,"Solar Water Heater, Power Backup, CCTV"
29,Elite Residency,Apartment,Beeramguda,8269590,"Parking, Power Backup, Lift, CCTV"
30,Orchid Residency,Apartment,Madhapur,6192350,"Security, CCTV, Clubhouse, Solar Water Heater, Children's Park, Parking"
31,Meadow Towers,Apartment,Madhapur,6732286,"Parking, Gym, Solar Water Heater, Garden, Clubhouse, Power Backup"
32,Elite Villas,Villa,Kokapet,45008968,"Home Automation, Solar Water Heater, Garden, Parking"
33,Meadow Heights,Apartment,HITEC City,12758604,"CCTV, Garden, Swimming Pool, Children's Park, Clubhouse"
34,Orchid Villas,Villa,Jubilee Hills,25566783,"Garden, Swimming Pool, CCTV, Security, Home Automation"
35,Golden Gardens,Villa,Adibatla,15840060,"CCTV, Swimming Pool, Parking, Home Automation, Garden, Gym"
36,Green Estates,Villa,Kokapet,30510090,"Home Automation, Garden, Swimming Pool, Clubhouse"
37,Golden Residency,Apartment,Gachibowli,12627322,"Gym, Swimming Pool, Children's Park, Clubhouse"
38,Maple Arcade,Commercial,Tukkuguda,19294940,"Gym, Solar Water Heater, Security, Parking"
39,Sunshine Villas,Villa,Kondapur,23315182,"Children's Park, Power Backup, Home Automation, Parking, Security, Gym"
40,Skyline Square,Commercial,Bachupally,18750984,"Clubhouse, Garden, Parking, Power Backup, Security, Children's Park"
41,Skyline Flats,Apartment,Gachibowli,13639626,"Children's Park, Lift, Solar Water Heater, Power Backup"
42,Elite Heights,Apartment,Tukkuguda,7643115,"Swimming Pool, Gym, Lift, Home Automation, Children's Park"
43,Lakeview Plaza,Commercial,Kondapur,20113795,"Security, Clubhouse, Lift, Solar Water Heater, Home Automation"
44,Lakeview Enclave,Villa,Gachibowli,21573282,"Parking, Swimming Pool, Clubhouse, Gym, Lift, Security"
45,Golden Heights,Apartment,Jubilee Hills,10543390,"Swimming Pool, Gym, CCTV"
46,Orchid Arcade,Commercial,Kondapur,22119414,"Clubhouse, CCTV, Security, Power Backup, Lift, Children's Park"
47,Sunshine Estates,Villa,Madhapur,11710896,"Children's Park, Gym, Swimming Pool, Home Automation, Solar Water Heater"
48,Golden Square,Commercial,Narsingi,11294688,"Clubhouse, Lift, CCTV, Gym"
49,Golden Villas,Villa,Bachupally,18232550,"Gym, Power Backup, Parking, Clubhouse"
50,Meadow Enclave,Villa,Kokapet,44562199,"Power Backup, Home Automation, CCTV, Garden, Lift"
51,Meadow Centre,Commercial,Patancheru,21985002,"Clubhouse, Swimming Pool, Lift"
52,Orchid Towers,Apartment,Beeramguda,5423037,"Children's Park, Parking, Gym, Security, Garden"
53,Elite Villas,Villa,Kokapet,26420160,"Solar Water Heater, Clubhouse, Security, Lift"
54,Palm Gardens,Villa,Patancheru,14874112,"Parking, CCTV, Home Automation, Power Backup"
55,Meadow Gardens,Villa,Kokapet,27266736,"Children's Park, Security, Swimming Pool, Power Backup"
56,Maple Heights,Apartment,Beeramguda,5034146,"Solar Water Heater, Clubhouse, Children's Park, CCTV"
57,Palm Residency,Apartment,Beeramguda,5318670,"Power Backup, Children's Park, Garden, Swimming Pool, Solar Water Heater"
58,Maple Towers,Apartment,HITEC City,14729746,"Home Automation, Garden, Power Backup, Lift, Gym, Parking"
59,Green Villas,Villa,Narsingi,22230398,"Gym, CCTV, Home Automation, Lift"
60,Palm Gardens,Villa,Adibatla,11625302,"Home Automation, Garden, Power Backup, CCTV, Solar Water Heater, Lift"
61,Maple Enclave,Villa,Kokapet,24850680,"Lift, Home Automation, CCTV, Security, Parking"
62,Sunshine Estates,Villa,Gachibowli,30830382,"Clubhouse, Solar Water Heater, Children's Park, Gym, Security, Parking"
63,Orchid Square,Commercial,Kondapur,9627416,"Children's Park, Garden, Home Automation, Security, Parking"
64,Orchid Estates,Villa,Beeramguda,11477943,"Garden, Home Automation, Clubhouse"
65,Elite Heights,Apartment,HITEC City,9497874,"Lift, Parking, Solar Water Heater, Clubhouse, CCTV, Swimming Pool"
66,Maple Plaza,Commercial,Kokapet,13603349,"Home Automation, CCTV, Security, Lift"
67,Palm Villas,Villa,Kokapet,44871057,"Garden, Solar Water Heater, Home Automation"
68,Palm Arcade,Commercial,Patancheru,17526300,"Garden, CCTV, Swimming Pool, Home Automation"
69,Palm Estates,Villa,Kokapet,35453012,"Clubhouse, Security, Solar Water Heater, CCTV, Swimming Pool"
70,Sunshine Flats,Apartment,Beeramguda,8116486,"Clubhouse, Parking, Children's Park, Garden"
71,Green Plaza,Commercial,Adibatla,20837781,"Gym, Swimming Pool, Solar Water Heater"
72,Sunshine Residency,Apartment,Narsingi,5832522,"Lift, Parking, Solar Water Heater, Home Automation, CCTV, Children's Park"
73,Golden Plaza,Commercial,Miyapur,28072416,"Lift, Solar Water Heater, Garden, Children's Park, Gym, Parking"
74,Lakeview Enclave,Villa,Gachibowli,21936096,"Home Automation, Children's Park, Swimming Pool, Power Backup"
75,Orchid Villas,Villa,Beeramguda,9655200,"Solar Water Heater, CCTV, Parking, Garden, Clubhouse, Swimming Pool"
76,Lakeview Plaza,Commercial,Adibatla,23589384,"Garden, Clubhouse, Power Backup, Swimming Pool, Solar Water Heater"
77,Green Heights,Apartment,Jubilee Hills,16347731,"Solar Water Heater, Home Automation, CCTV, Gym, Parking"
78,Palm Towers,Apartment,Madhapur,10830879,"Solar Water Heater, Lift, Garden, Power Backup"
79,Green Villas,Villa,Patancheru,15293727,"CCTV, Swimming Pool, Solar Water Heater, Lift, Parking, Garden"
80,Maple Heights,Apartment,Adibatla,5386542,"Gym, Clubhouse, Garden, Swimming Pool"
81,Golden Estates,Villa,Gachibowli,40498360,"Power Backup, Garden, Lift, Parking"
82,Maple Centre,Commercial,HITEC City,57506234,"Clubhouse, Gym, Solar Water Heater, Garden, Lift"
83,Meadow Gardens,Villa,HITEC City,25389150,"Garden, Clubhouse, Parking, Swimming Pool, Gym, Lift"
84,Sunshine Gardens,Villa,Jubilee Hills,31834880,"Gym, Home Automation, Parking"
85,Lakeview Heights,Apartment,Beeramguda,5146478,"Security, Clubhouse, Gym"
86,Sunshine Estates,Villa,Gachibowli,29675160,"Security, Swimming Pool, Solar Water Heater, Home Automation, Lift"
87,Elite Gardens,Villa,Bachupally,16742043,"Parking, Clubhouse, Garden, Swimming Pool, Lift"
88,Palm Estates,Villa,Kondapur,26186425,"Children's Park, Home Automation, Power Backup, CCTV, Security"
89,Palm Gardens,Villa,Narsingi,21888120,"Swimming Pool, Garden, Solar Water Heater, Home Automation, CCTV"
90,Palm Residency,Apartment,Kokapet,10634878,"Parking, Power Backup, Lift, CCTV"
91,Green Estates,Villa,Kokapet,37592925,"Garden, Parking, CCTV, Lift"
92,Elite Towers,Apartment,Jubilee Hills,12917215,"Power Backup, Garden, Gym"
93,Skyline Enclave,Villa,Miyapur,18493980,"Parking, Power Backup, Garden"
94,Sunshine Towers,Apartment,Madhapur,7607749,"CCTV, Gym, Garden"
95,Palm Villas,Villa,Patancheru,16944876,"Gym, Parking, Security, CCTV, Children's Park, Swimming Pool"
96,Green Enclave,Villa,Madhapur,24106888,"CCTV, Home Automation, Gym"
97,Palm Estates,Villa,Tukkuguda,15735003,"Solar Water Heater, Gym, Parking, Lift, Children's Park, Home Automation"
98,Meadow Flats,Apartment,Kokapet,11173685,"Swimming Pool, CCTV, Clubhouse"
99,Maple Plaza,Commercial,Tukkuguda,8675908,"Garden, Clubhouse, Gym, Home Automation, Children's Park"
100,Maple Heights,Apartment,Jubilee Hills,14370174,"Parking, Solar Water Heater, Swimming Pool, Power Backup"
101,Palm Square,Commercial,Tukkuguda,18681642,"Security, Gym, Clubhouse, Swimming Pool, Lift, CCTV"
102,Golden Square,Commercial,Miyapur,18503791,"Solar Water Heater, Security, Children's Park"
103,Sunshine Villas,Villa,Bachupally,17305334,"Security, Swimming Pool, Children's Park, Garden, CCTV"
104,Sunshine Heights,Apartment,Beeramguda,5483900,"Garden, Home Automation, Gym, Children's Park"
105,Elite Square,Commercial,Adibatla,17376246,"Security, Home Automation, Garden, Swimming Pool, CCTV"
106,Golden Flats,Apartment,Gachibowli,15970603,"Lift, Garden, Security, Swimming Pool, Solar Water Heater, Home Automation"
107,Palm Heights,Apartment,Miyapur,8172304,"Security, Home Automation, Solar Water Heater, Swimming Pool, CCTV"
108,Sunshine Estates,Villa,Patancheru,12563649,"Clubhouse, Garden, Solar Water Heater, Swimming Pool, Security, CCTV"
109,Lakeview Gardens,Villa,Kokapet,39842106,"Garden, Lift, Children's Park, Power Backup"
110,Sunshine Heights,Apartment,HITEC City,11479250,"Garden, Solar Water Heater, Clubhouse, CCTV, Security, Gym"
111,Lakeview Plaza,Commercial,Bachupally,20567034,"Gym, Solar Water Heater, Power Backup, CCTV, Clubhouse, Swimming Pool"
112,Golden Towers,Apartment,Tukkuguda,4153428,"Gym, Parking, Garden"
113,Skyline Arcade,Commercial,Adibatla,27252520,"Swimming Pool, Parking, Garden, Lift, Security, Solar Water Heater"
114,Sunshine Flats,Apartment,Tukkuguda,5629848,"CCTV, Garden, Home Automation"
115,Elite Estates,Villa,Beeramguda,13161366,"Clubhouse, Parking, Swimming Pool, Home Automation, Children's Park, Garden"
116,Maple Enclave,Villa,Patancheru,12888528,"Children's Park, Power Backup, Garden, Gym"
117,Green Flats,Apartment,Jubilee Hills,15884154,"Lift, CCTV, Parking, Security, Swimming Pool"
118,Sunshine Heights,Apartment,Beeramguda,7098784,"Power Backup, Home Automation, Gym, Swimming Pool, Security"
119,Maple Square,Commercial,Madhapur,10477988,"Gym, Swimming Pool, CCTV"
120,Maple Plaza,Commercial,Gachibowli,22838400,"Clubhouse, Power Backup, Swimming Pool, Security, Gym, Garden"
121,Palm Heights,Apartment,Gachibowli,10002370,"Clubhouse, CCTV, Children's Park, Security"
122,Maple Square,Commercial,Tukkuguda,10966054,"Parking, Lift, Children's Park, Power Backup"
123,Palm Flats,Apartment,Gachibowli,12350424,"Security, Children's Park, Garden, CCTV"
124,Golden Villas,Villa,HITEC City,24696148,"Swimming Pool, Power Backup, Security"
125,Lakeview Flats,Apartment,Tukkuguda,5358015,"CCTV, Garden, Gym"
126,Green Villas,Villa,Narsingi,15313280,"Gym, CCTV, Home Automation, Security, Parking, Solar Water Heater"
127,Maple Square,Commercial,Beeramguda,24756734,"Security, Children's Park, Gym, Parking"
128,Palm Centre,Commercial,Beeramguda,9923162,"Parking, Solar Water Heater, Security, CCTV, Lift"
129,Elite Heights,Apartment,Jubilee Hills,15838944,"CCTV, Security, Children's Park"
130,Meadow Villas,Villa,HITEC City,21134566,"Power Backup, Home Automation, Security"
131,Golden Residency,Apartment,Beeramguda,6106772,"Lift, Garden, Solar Water Heater, Parking, Clubhouse"
132,Palm Arcade,Commercial,Bachupally,36319140,"Clubhouse, Swimming Pool, Children's Park, CCTV"
133,Meadow Square,Commercial,Narsingi,5849808,"CCTV, Garden, Clubhouse"
134,Maple Villas,Villa,Miyapur,23686530,"Power Backup, Lift, CCTV, Parking"
135,Palm Villas,Villa,Kokapet,40364714,"CCTV, Parking, Solar Water Heater, Home Automation, Lift, Power Backup"
136,Maple Flats,Apartment,HITEC City,16588455,"CCTV, Home Automation, Gym, Security, Swimming Pool, Parking"
137,Skyline Heights,Apartment,Beeramguda,6310934,"Swimming Pool, Gym, CCTV"
138,Skyline Arcade,Commercial,Patancheru,16991622,"Lift, Children's Park, Power Backup, Solar Water Heater"
139,Sunshine Flats,Apartment,Kondapur,9791964,"Gym, Solar Water Heater, Home Automation"
140,Elite Gardens,Villa,Beeramguda,13741287,"Clubhouse, Lift, Children's Park"
141,Lakeview Enclave,Villa,Patancheru,19491970,"Lift, Home Automation, Clubhouse"
142,Sunshine Flats,Apartment,Kondapur,6375391,"Garden, CCTV, Security, Parking"
143,Elite Arcade,Commercial,Tukkuguda,7503000,"Power Backup, Clubhouse, CCTV, Swimming Pool, Parking, Garden"
144,Lakeview Square,Commercial,Narsingi,10199664,"Gym, Solar Water Heater, Children's Park"
145,Lakeview Plaza,Commercial,Patancheru,15267384,"Clubhouse, Home Automation, Children's Park, Solar Water Heater, Swimming Pool"
146,Golden Residency,Apartment,Kokapet,13251998,"Parking, Garden, Swimming Pool, Security, CCTV, Children's Park"
147,Green Towers,Apartment,Adibatla,6651255,"Lift, Clubhouse, Swimming Pool"
148,Green Plaza,Commercial,Gachibowli,24769485,"Clubhouse, Security, Lift"
149,Maple Enclave,Villa,Madhapur,14942325,"Home Automation, Children's Park, Clubhouse, Solar Water Heater"
150,Lakeview Flats,Apartment,Beeramguda,4862404,"Security, Lift, Parking"
151,Sunshine Centre,Commercial,Miyapur,20837562,"Children's Park, Power Backup, Gym, Solar Water Heater, Clubhouse"
152,Golden Heights,Apartment,Jubilee Hills,15396492,"Security, Children's Park, Solar Water Heater"
153,Lakeview Centre,Commercial,Madhapur,15492300,"CCTV, Clubhouse, Swimming Pool, Solar Water Heater"
154,Meadow Towers,Apartment,Beeramguda,5102610,"Garden, Children's Park, CCTV, Home Automation, Lift, Gym"
155,Elite Gardens,Villa,Tukkuguda,17159560,"Security, Parking, Lift, Gym, Children's Park"
156,Maple Arcade,Commercial,Jubilee Hills,11441510,"Swimming Pool, Solar Water Heater, Power Backup, Security"
157,Lakeview Plaza,Commercial,Miyapur,26244756,"Security, Swimming Pool, Parking, CCTV, Gym, Solar Water Heater"
158,Maple Flats,Apartment,Gachibowli,13687581,"Children's Park, Lift, Solar Water Heater, Clubhouse, Swimming Pool, Home Automation"
159,Maple Villas,Villa,Kondapur,33295164,"Parking, Swimming Pool, Power Backup, Solar Water Heater"
160,Sunshine Arcade,Commercial,Miyapur,27838532,"Power Backup, Clubhouse, Security"
161,Palm Plaza,Commercial,Bachupally,11887025,"Lift, CCTV, Power Backup, Children's Park"
162,Meadow Villas,Villa,Narsingi,16006554,"Children's Park, CCTV, Home Automation"
163,Maple Residency,Apartment,Jubilee Hills,10249470,"Swimming Pool, Clubhouse, Garden"
164,Golden Heights,Apartment,HITEC City,12346349,"Lift, Swimming Pool, Garden, Home Automation, Children's Park"
165,Skyline Towers,Apartment,Tukkuguda,4766223,"Power Backup, Solar Water Heater, Swimming Pool, Security, CCTV, Clubhouse"
166,Golden Residency,Apartment,Patancheru,8373519,"Garden, Parking, CCTV, Lift, Solar Water Heater"
167,Meadow Residency,Apartment,Miyapur,6437708,"Children's Park, Home Automation, Lift, Solar Water Heater, Power Backup"
168,Lakeview Estates,Villa,Kondapur,13006770,"Lift, Gym, CCTV, Garden, Swimming Pool, Parking"
169,Skyline Plaza,Commercial,Kokapet,20163484,"Power Backup, Lift, Clubhouse"
170,Green Villas,Villa,Patancheru,12351690,"Home Automation, Power Backup, CCTV"
171,Orchid Gardens,Villa,Tukkuguda,21176090,"Clubhouse, Solar Water Heater, Home Automation"
172,Lakeview Gardens,Villa,Jubilee Hills,32930296,"Children's Park, Security, Home Automation, Lift"
173,Palm Gardens,Villa,Jubilee Hills,25017608,"Clubhouse, Lift, Children's Park, Security, Solar Water Heater"
174,Lakeview Plaza,Commercial,Kokapet,28053634,"Security, Home Automation, Clubhouse, Power Backup, Lift"
175,Green Enclave,Villa,Patancheru,10104866,"Gym, Clubhouse, Garden"
176,Orchid Villas,Villa,Miyapur,22291020,"Security, CCTV, Home Automation, Garden, Solar Water Heater, Clubhouse"
177,Sunshine Heights,Apartment,Beeramguda,5100030,"Home Automation, Children's Park, Swimming Pool, Clubhouse, Parking"
178,Green Villas,Villa,Tukkuguda,13053841,"Home Automation, Power Backup, Gym, Children's Park"
179,Meadow Plaza,Commercial,Bachupally,24592216,"Garden, Clubhouse, Swimming Pool, Gym, Security"
180,Sunshine Towers,Apartment,Madhapur,8619840,"CCTV, Parking, Power Backup, Clubhouse"
181,Meadow Centre,Commercial,Tukkuguda,21948016,"Children's Park, Security, Swimming Pool, Gym"
182,Meadow Enclave,Villa,Beeramguda,18996120,"Children's Park, Gym, CCTV, Home Automation, Solar Water Heater, Power Backup"
183,Maple Plaza,Commercial,Narsingi,13927680,"Security, Clubhouse, Gym, Power Backup"
184,Green Arcade,Commercial,Beeramguda,9299688,"Home Automation, Lift, Clubhouse, Security, Solar Water Heater"
185,Maple Towers,Apartment,Adibatla,6772806,"Garden, Lift, Power Backup"
186,Palm Residency,Apartment,Gachibowli,17536240,"CCTV, Swimming Pool, Clubhouse"
187,Golden Gardens,Villa,Kokapet,24351072,"Home Automation, Solar Water Heater, Security"
188,Palm Enclave,Villa,Madhapur,24651768,"Parking, Gym, Home Automation"
189,Palm Plaza,Commercial,Miyapur,30920070,"Swimming Pool, Home Automation, Gym, Solar Water Heater"
190,Sunshine Arcade,Commercial,Miyapur,9492856,"Parking, Solar Water Heater, Security, Lift, Children's Park, Gym"
191,Elite Plaza,Commercial,Bachupally,19829732,"CCTV, Lift, Clubhouse, Solar Water Heater, Home Automation"
192,Orchid Towers,Apartment,Tukkuguda,6559349,"Security, Clubhouse, Parking"
193,Orchid Heights,Apartment,Jubilee Hills,12821906,"Garden, Solar Water Heater, Parking, Security, Lift, CCTV"
194,Lakeview Arcade,Commercial,Kokapet,16429932,"Security, Parking, Lift"
195,Lakeview Gardens,Villa,Gachibowli,19976096,"Gym, Clubhouse, Children's Park, Power Backup, Parking"
196,Green Flats,Apartment,Beeramguda,4916392,"Solar Water Heater, Home Automation, Security, Gym, Children's Park, CCTV"
197,Golden Flats,Apartment,Narsingi,7612524,"Solar Water Heater, CCTV, Swimming Pool, Gym, Lift, Security"
198,Orchid Residency,Apartment,Beeramguda,4428512,"CCTV, Solar Water Heater, Garden, Security, Swimming Pool"
199,Palm Residency,Apartment,Narsingi,8576408,"Parking, Security, Clubhouse, Home Automation, Lift, Solar Water Heater"
200,Lakeview Flats,Apartment,Narsingi,6833306,"Security, Garden, Clubhouse, Swimming Pool"
201,Meadow Residency,Apartment,Patancheru,5157157,"Lift, Garden, Children's Park"
202,Green Square,Commercial,Kokapet,47252890,"Gym, Parking, Clubhouse"
203,Maple Heights,Apartment,Madhapur,8812542,"Gym, CCTV, Parking, Swimming Pool, Lift, Clubhouse"
204,Maple Square,Commercial,Gachibowli,16375701,"Solar Water Heater, Lift, Power Backup, Security, Garden"
205,Sunshine Residency,Apartment,Kondapur,9438930,"Solar Water Heater, Garden, Swimming Pool, Clubhouse, Gym, Parking"
206,Maple Residency,Apartment,Gachibowli,12415214,"Power Backup, Garden, Swimming Pool, Children's Park, Parking, CCTV"
207,Palm Heights,Apartment,Bachupally,8385894,"Lift, Parking, Power Backup, Children's Park, Garden"
208,Skyline Estates,Villa,Beeramguda,11608399,"Gym, Clubhouse, Security, Garden, Parking"
209,Lakeview Towers,Apartment,Kondapur,8045433,"Garden, Home Automation, Swimming Pool, Lift"
210,Maple Heights,Apartment,Jubilee Hills,16984772,"Lift, Garden, Clubhouse, Solar Water Heater"
211,Palm Square,Commercial,Tukkuguda,23359920,"Solar Water Heater, Security, Clubhouse, Lift"
212,Palm Centre,Commercial,Kondapur,19856070,"Power Backup, Lift, Home Automation"
213,Maple Plaza,Commercial,Tukkuguda,10707472,"Power Backup, Gym, Lift, Clubhouse, Swimming Pool"
214,Sunshine Residency,Apartment,Patancheru,7036575,"Children's Park, Swimming Pool, Home Automation, Gym"
215,Sunshine Square,Commercial,Gachibowli,54224478,"Parking, Solar Water Heater, Lift, Power Backup, Gym, Garden"
216,Meadow Residency,Apartment,Beeramguda,6011134,"Swimming Pool, Solar Water Heater, Security"
217,Golden Centre,Commercial,Tukkuguda,19897272,"Garden, CCTV, Clubhouse, Lift, Children's Park"
218,Orchid Gardens,Villa,Kondapur,16356509,"Security, Parking, CCTV, Power Backup, Solar Water Heater, Gym"
219,Lakeview Arcade,Commercial,Gachibowli,16229183,"Gym, Clubhouse, Parking"
220,Skyline Heights,Apartment,HITEC City,13321071,"Solar Water Heater, Garden, CCTV, Swimming Pool, Security"
221,Palm Heights,Apartment,Narsingi,7209486,"Power Backup, Solar Water Heater, Parking"
222,Skyline Centre,Commercial,Jubilee Hills,32930564,"Security, Parking, Solar Water Heater, Home Automation, Clubhouse"
223,Maple Square,Commercial,Jubilee Hills,15471786,"Clubhouse, Home Automation, CCTV, Parking, Swimming Pool, Power Backup"
224,Meadow Villas,Villa,HITEC City,44266122,"Security, Solar Water Heater, CCTV"
225,Elite Flats,Apartment,Gachibowli,12560490,"Home Automation, Swimming Pool, Gym, Parking, Lift"
226,Skyline Plaza,Commercial,Beeramguda,9145372,"CCTV, Lift, Solar Water Heater, Swimming Pool"
227,Skyline Residency,Apartment,Madhapur,10724960,"CCTV, Swimming Pool, Gym"
228,Golden Towers,Apartment,Gachibowli,10846617,"Gym, CCTV, Clubhouse, Children's Park, Swimming Pool, Garden"
229,Meadow Heights,Apartment,Tukkuguda,3975114,"Solar Water Heater, Security, Power Backup, Swimming Pool"
230,Orchid Heights,Apartment,Tukkuguda,4640571,"Solar Water Heater, Clubhouse, Garden, Swimming Pool, Children's Park"
231,Palm Flats,Apartment,Gachibowli,10600200,"Security, Parking, Home Automation"
232,Orchid Towers,Apartment,Kokapet,9465120,"Solar Water Heater, Lift, Security"
233,Green Centre,Commercial,Beeramguda,8309840,"Security, CCTV, Lift, Power Backup, Home Automation"
234,Palm Plaza,Commercial,Beeramguda,14523102,"Solar Water Heater, Garden, Children's Park, Gym, Clubhouse, Parking"
235,Palm Flats,Apartment,Kokapet,11314230,"Security, Solar Water Heater, Children's Park, Home Automation, Gym"
236,Skyline Towers,Apartment,Gachibowli,13252928,"Children's Park, Solar Water Heater, Power Backup, Clubhouse, CCTV"
237,Elite Estates,Villa,Patancheru,17771360,"Security, Home Automation, Lift, Power Backup, Solar Water Heater, Clubhouse"
238,Green Villas,Villa,Patancheru,16778718,"Solar Water Heater, Clubhouse, CCTV"
239,Green Towers,Apartment,Madhapur,6645236,"Clubhouse, Parking, Garden, Gym"
240,Elite Centre,Commercial,Jubilee Hills,25435833,"Lift, Clubhouse, CCTV, Security, Children's Park, Swimming Pool"
241,Elite Flats,Apartment,Tukkuguda,5773320,"Clubhouse, Solar Water Heater, Security, Garden, Parking"
242,Skyline Centre,Commercial,Tukkuguda,7665382,"Parking, Security, Children's Park"
243,Meadow Square,Commercial,Patancheru,14277372,"Lift, CCTV, Security, Garden"
244,Meadow Arcade,Commercial,Patancheru,12219700,"Home Automation, Clubhouse, CCTV, Garden"
245,Palm Enclave,Villa,Tukkuguda,20789256,"Swimming Pool, Parking, CCTV, Garden, Security"
246,Sunshine Centre,Commercial,Gachibowli,10553600,"Garden, Solar Water Heater, Gym"
247,Golden Flats,Apartment,HITEC City,11621562,"Power Backup, Lift, Garden, CCTV, Parking, Gym"
248,Maple Plaza,Commercial,Kondapur,35687802,"Garden, Lift, Solar Water Heater, Gym"
249,Palm Arcade,Commercial,Kokapet,33366850,"Security, Garden, Home Automation, CCTV, Solar Water Heater, Lift"
250,Sunshine Plaza,Commercial,Adibatla,13520913,"Gym, Solar Water Heater, Clubhouse, Power Backup, Children's Park"
251,Maple Centre,Commercial,Kokapet,24475440,"Lift, Parking, Home Automation"
252,Sunshine Centre,Commercial,Adibatla,28975170,"Children's Park, Swimming Pool, Lift, Power Backup, Parking, CCTV"
253,Lakeview Square,Commercial,Patancheru,24302260,"Clubhouse, Security, Parking, Solar Water Heater, Children's Park, Lift"
254,Lakeview Towers,Apartment,Beeramguda,6484257,"Swimming Pool, Children's Park, Clubhouse"
255,Skyline Square,Commercial,Tukkuguda,23302570,"Power Backup, Clubhouse, Swimming Pool, Security, Home Automation, CCTV"
256,Green Enclave,Villa,HITEC City,36325422,"Security, Gym, Home Automation"
257,Golden Enclave,Villa,Kondapur,10756152,"Power Backup, Parking, Home Automation"
258,Palm Arcade,Commercial,Madhapur,12994154,"Garden, Solar Water Heater, Parking, Gym, Swimming Pool, CCTV"
259,Sunshine Heights,Apartment,Narsingi,7944454,"Clubhouse, Security, Lift"
260,Maple Enclave,Villa,Bachupally,23903615,"Power Backup, Garden, Gym, Lift, Solar Water Heater, Children's Park"
261,Skyline Gardens,Villa,Gachibowli,34091442,"Clubhouse, Solar Water Heater, Parking, Power Backup"
262,Maple Residency,Apartment,Patancheru,4109034,"Security, Gym, Home Automation, CCTV, Swimming Pool"
263,Skyline Residency,Apartment,Patancheru,6008224,"Home Automation, Lift, Garden, Parking, Swimming Pool"
264,Elite Gardens,Villa,Adibatla,11276930,"Solar Water Heater, Garden, Swimming Pool, Parking, CCTV"
265,Maple Villas,Villa,Narsingi,16133347,"Gym, Garden, Security, Children's Park, Parking, Clubhouse"
266,Sunshine Plaza,Commercial,Bachupally,6049008,"Children's Park, CCTV, Clubhouse, Garden, Solar Water Heater"
267,Golden Enclave,Villa,Kokapet,40214652,"Parking, Garden, Power Backup, Gym, Security"
268,Golden Residency,Apartment,HITEC City,15087120,"Children's Park, Swimming Pool, Power Backup, Lift"
269,Palm Towers,Apartment,Adibatla,7518096,"Solar Water Heater, Parking, Swimming Pool, Garden"
270,Lakeview Plaza,Commercial,Jubilee Hills,20009493,"Power Backup, CCTV, Security, Children's Park, Home Automation"
271,Green Square,Commercial,Adibatla,19415040,"Home Automation, Swimming Pool, Security"
272,Lakeview Towers,Apartment,Patancheru,6491232,"Children's Park, Home Automation, CCTV, Garden, Parking, Security"
273,Sunshine Square,Commercial,Madhapur,29229937,"Gym, Home Automation, Power Backup, Lift, Swimming Pool, Children's Park"
274,Orchid Enclave,Villa,Adibatla,18063204,"Gym, CCTV, Swimming Pool"
275,Green Villas,Villa,Kokapet,23166858,"Swimming Pool, CCTV, Garden, Solar Water Heater"
276,Sunshine Residency,Apartment,Bachupally,10866051,"Power Backup, Swimming Pool, Clubhouse, CCTV"
277,Maple Square,Commercial,Beeramguda,23244355,"Parking, Power Backup, Garden"
278,Orchid Estates,Villa,Gachibowli,22138515,"Solar Water Heater, Swimming Pool, Garden, CCTV, Gym"
279,Elite Plaza,Commercial,Miyapur,23781582,"Children's Park, Gym, CCTV, Solar Water Heater"
280,Maple Arcade,Commercial,Gachibowli,11499960,"Power Backup, CCTV, Home Automation, Gym"
281,Palm Enclave,Villa,Bachupally,13640150,"Lift, Power Backup, Solar Water Heater, CCTV, Home Automation"
282,Lakeview Arcade,Commercial,Madhapur,24431628,"Power Backup, Children's Park, Solar Water Heater, Clubhouse"
283,Maple Heights,Apartment,Kokapet,9436710,"Gym, Security, Lift"
284,Sunshine Gardens,Villa,Jubilee Hills,34809525,"Garden, Power Backup, Home Automation, Security"
285,Palm Plaza,Commercial,Gachibowli,26141103,"Swimming Pool, Power Backup, Solar Water Heater, Lift, Gym, Home Automation"
286,Sunshine Towers,Apartment,Jubilee Hills,15909621,"Swimming Pool, Gym, Home Automation, Security, Garden"
287,Skyline Enclave,Villa,Kondapur,18065160,"Security, Clubhouse, Solar Water Heater, Lift, Swimming Pool"
288,Elite Residency,Apartment,Jubilee Hills,11736816,"Children's Park, Solar Water Heater, Gym, Lift, CCTV, Parking"
289,Green Square,Commercial,HITEC City,27066110,"Children's Park, Garden, Home Automation, Solar Water Heater"
290,Sunshine Estates,Villa,Kondapur,24210736,"Security, Gym, Children's Park, Solar Water Heater"
291,Skyline Towers,Apartment,Jubilee Hills,14420829,"Lift, Solar Water Heater, Gym, Home Automation, Security, Swimming Pool"
292,Golden Arcade,Commercial,Beeramguda,7371192,"Lift, Children's Park, CCTV, Swimming Pool, Security"
293,Orchid Enclave,Villa,Beeramguda,15578520,"Home Automation, Lift, Solar Water Heater, Clubhouse, Gym"
294,Green Plaza,Commercial,Madhapur,21885690,"Gym, Home Automation, Clubhouse, Swimming Pool, CCTV"
295,Elite Plaza,Commercial,Bachupally,20508450,"Home Automation, CCTV, Swimming Pool"
296,Palm Estates,Villa,Kondapur,23989922,"Solar Water Heater, Garden, Power Backup, Parking, Lift"
297,Orchid Heights,Apartment,HITEC City,11133139,"Swimming Pool, Parking, Gym, Security"
298,Golden Enclave,Villa,Beeramguda,16495824,"CCTV, Parking, Children's Park"
299,Golden Plaza,Commercial,Tukkuguda,6080319,"Swimming Pool, Power Backup, Security"
300,Green Villas,Villa,Kondapur,19472340,"Parking, Children's Park, Swimming Pool"
301,Golden Heights,Apartment,Kondapur,4632695,"Solar Water Heater, CCTV, Parking, Swimming Pool"
302,Maple Enclave,Villa,Kondapur,23709244,"Parking, Security, Home Automation"
303,Orchid Plaza,Commercial,Gachibowli,60596250,"Home Automation, Power Backup, Solar Water Heater, Children's Park, Gym"
304,Orchid Gardens,Villa,Jubilee Hills,49547400,"Security, Garden, Power Backup"
305,Elite Residency,Apartment,Beeramguda,8166604,"Security, Children's Park, Lift, Clubhouse"
306,Meadow Heights,Apartment,Jubilee Hills,14136318,"Home Automation, Security, Swimming Pool, Garden, Power Backup"
307,Golden Gardens,Villa,Gachibowli,32270148,"Swimming Pool, Children's Park, Security, CCTV, Lift, Parking"
308,Green Villas,Villa,Jubilee Hills,40669720,"Power Backup, Home Automation, Children's Park, Lift"
309,Green Towers,Apartment,Tukkuguda,6472438,"Home Automation, CCTV, Parking, Swimming Pool, Gym"
310,Maple Centre,Commercial,Kondapur,8368206,"Garden, Gym, Swimming Pool, CCTV"
311,Elite Heights,Apartment,Patancheru,7043064,"Swimming Pool, Power Backup, CCTV, Lift, Clubhouse"
312,Orchid Towers,Apartment,Adibatla,6546214,"Power Backup, CCTV, Clubhouse"
313,Meadow Enclave,Villa,Bachupally,21625800,"Parking, Security, Children's Park, Clubhouse, Garden, Solar Water Heater"
314,Meadow Enclave,Villa,HITEC City,21846776,"Home Automation, Swimming Pool, Security, Power Backup, Children's Park, CCTV"
315,Lakeview Towers,Apartment,Jubilee Hills,13046556,"CCTV, Security, Home Automation"
316,Elite Arcade,Commercial,Kokapet,40236819,"Children's Park, Swimming Pool, Home Automation, CCTV"
317,Golden Towers,Apartment,Bachupally,8727948,"CCTV, Clubhouse, Security, Gym"
318,Green Heights,Apartment,Madhapur,6378229,"Children's Park, Swimming Pool, Security"
319,Maple Arcade,Commercial,Miyapur,9022026,"Lift, Solar Water Heater, Clubhouse, Parking, Home Automation, Children's Park"
320,Orchid Square,Commercial,Gachibowli,32915600,"Lift, Gym, Swimming Pool, CCTV"
321,Palm Gardens,Villa,Tukkuguda,9940373,"Home Automation, Children's Park, Lift, Swimming Pool"
322,Meadow Residency,Apartment,Gachibowli,10711512,"Power Backup, Gym, Garden, CCTV"
323,Skyline Square,Commercial,Narsingi,12091072,"Power Backup, Lift, Gym, Garden, CCTV, Children's Park"
324,Lakeview Square,Commercial,Madhapur,13999960,"Garden, Children's Park, Lift, Solar Water Heater"
325,Maple Estates,Villa,Adibatla,22269150,"Parking, Security, Swimming Pool, CCTV, Power Backup, Solar Water Heater"
326,Meadow Enclave,Villa,Narsingi,27398458,"Garden, Swimming Pool, Security, Clubhouse, Children's Park, Parking"
327,Skyline Centre,Commercial,Tukkuguda,6782856,"Parking, Security, CCTV"
328,Skyline Towers,Apartment,Miyapur,8222780,"Power Backup, Solar Water Heater, Lift, Gym, Clubhouse"
329,Meadow Villas,Villa,Tukkuguda,16679919,"Parking, Home Automation, Lift, Security, Solar Water Heater"
330,Golden Plaza,Commercial,Miyapur,16035201,"Solar Water Heater, Parking, Clubhouse, Power Backup"
331,Maple Square,Commercial,Jubilee Hills,52752720,"CCTV, Children's Park, Parking"
332,Maple Residency,Apartment,HITEC City,14991080,"Garden, Gym, Children's Park"
333,Maple Gardens,Villa,Kokapet,28892372,"Solar Water Heater, Clubhouse, Children's Park, Power Backup"
334,Meadow Plaza,Commercial,HITEC City,22506834,"Swimming Pool, Children's Park, Power Backup, Lift, Home Automation, Garden"
335,Meadow Square,Commercial,Bachupally,15831300,"Parking, Clubhouse, Lift, Swimming Pool, Security, Children's Park"
336,Skyline Arcade,Commercial,Patancheru,24408147,"Security, Garden, Solar Water Heater, Gym, Swimming Pool, Power Backup"
337,Palm Enclave,Villa,Jubilee Hills,39290670,"Gym, Solar Water Heater, CCTV, Security, Swimming Pool"
338,Skyline Towers,Apartment,Narsingi,7412412,"Home Automation, Swimming Pool, CCTV, Security"
339,Meadow Gardens,Villa,Tukkuguda,19120710,"CCTV, Garden, Parking, Security, Power Backup, Solar Water Heater"
340,Skyline Centre,Commercial,Narsingi,12795264,"Parking, Home Automation, Security, Clubhouse, Swimming Pool, Lift"
341,Green Enclave,Villa,Madhapur,16030350,"Clubhouse, Security, CCTV, Swimming Pool, Garden"
342,Maple Enclave,Villa,Narsingi,17420592,"Lift, Power Backup, Children's Park"
343,Palm Gardens,Villa,Jubilee Hills,24469566,"CCTV, Clubhouse, Security"
344,Palm Villas,Villa,Miyapur,19308705,"Swimming Pool, Power Backup, Home Automation, Gym, CCTV"
345,Sunshine Heights,Apartment,Bachupally,9374900,"Gym, Security, Clubhouse"
346,Green Estates,Villa,Tukkuguda,16575980,"CCTV, Parking, Children's Park, Security, Gym"
347,Lakeview Gardens,Villa,Gachibowli,39960999,"Security, Power Backup, CCTV"
348,Green Villas,Villa,Adibatla,20073708,"Clubhouse, Lift, Home Automation, Solar Water Heater, Swimming Pool, Power Backup"
349,Orchid Square,Commercial,Gachibowli,14556080,"Clubhouse, Garden, Power Backup, Solar Water Heater, CCTV, Security"
350,Sunshine Enclave,Villa,HITEC City,29444048,"Power Backup, Clubhouse, Security"
351,Meadow Residency,Apartment,Patancheru,5232810,"Solar Water Heater, Lift, Parking, Home Automation, Security"
352,Palm Flats,Apartment,Beeramguda,4693923,"Clubhouse, Gym, Lift, Solar Water Heater"
353,Elite Towers,Apartment,Kondapur,9038120,"Garden, CCTV, Solar Water Heater"
354,Palm Towers,Apartment,Kondapur,8953738,"Clubhouse, Solar Water Heater, CCTV, Gym, Garden, Swimming Pool"
355,Elite Enclave,Villa,Narsingi,19238373,"CCTV, Parking, Solar Water Heater, Children's Park"
356,Sunshine Flats,Apartment,Madhapur,7119940,"Home Automation, Gym, Clubhouse, Security, Parking, Children's Park"
357,Skyline Enclave,Villa,Madhapur,23497920,"Clubhouse, Home Automation, Security"
358,Skyline Villas,Villa,Kokapet,40652096,"Clubhouse, Swimming Pool, Security"
359,Green Villas,Villa,Narsingi,18842921,"Security, Lift, Power Backup, Gym, Swimming Pool, Garden"
360,Golden Towers,Apartment,Jubilee Hills,12534768,"Swimming Pool, Garden, Home Automation, Power Backup, Gym, Lift"
361,Orchid Centre,Commercial,Kondapur,25875250,"Lift, Security, Home Automation"
362,Green Arcade,Commercial,Madhapur,7996800,"Home Automation, Clubhouse, Gym, Power Backup"
363,Elite Centre,Commercial,Jubilee Hills,27247907,"Home Automation, Children's Park, Clubhouse, CCTV"
364,Green Arcade,Commercial,Miyapur,21515655,"Children's Park, Home Automation, Gym, Power Backup, Parking"
365,Sunshine Estates,Villa,Jubilee Hills,33622044,"Security, CCTV, Gym, Swimming Pool, Garden"
366,Elite Estates,Villa,Madhapur,23862699,"Power Backup, Children's Park, Lift, Solar Water Heater"
367,Skyline Flats,Apartment,Kokapet,17671729,"Solar Water Heater, Children's Park, Security, Garden, Gym"
368,Lakeview Plaza,Commercial,Patancheru,25156656,"Lift, Parking, Home Automation, Garden"
369,Meadow Square,Commercial,Gachibowli,38988123,"Home Automation, Parking, Gym, Clubhouse, CCTV"
370,Orchid Arcade,Commercial,Kokapet,59101547,"Gym, Lift, Children's Park, Solar Water Heater, Parking"
371,Palm Flats,Apartment,Bachupally,6905700,"Home Automation, Children's Park, Parking, Lift, Solar Water Heater"
372,Lakeview Enclave,Villa,Adibatla,12432213,"Lift, Children's Park, Power Backup, Parking, Home Automation, CCTV"
373,Golden Flats,Apartment,Gachibowli,12514254,"Security, Parking, Swimming Pool, Power Backup, Clubhouse, Solar Water Heater"
374,Meadow Plaza,Commercial,Madhapur,24232572,"Solar Water Heater, Security, Lift"
375,Skyline Estates,Villa,Gachibowli,47752060,"Solar Water Heater, Swimming Pool, Gym"
376,Lakeview Centre,Commercial,Kondapur,8848476,"Solar Water Heater, Power Backup, Lift"
377,Elite Centre,Commercial,Madhapur,32470592,"Security, Parking, Lift, CCTV"
378,Lakeview Arcade,Commercial,Kondapur,8689232,"Clubhouse, Lift, Security, Gym, Parking, Children's Park"
379,Lakeview Estates,Villa,Bachupally,22100721,"Garden, Security, Solar Water Heater, CCTV, Parking"
380,Palm Gardens,Villa,Madhapur,17902227,"Security, Power Backup, Garden"
381,Elite Towers,Apartment,Madhapur,9385038,"Power Backup, Swimming Pool, Parking, Lift"
382,Green Centre,Commercial,HITEC City,42675600,"Gym, CCTV, Clubhouse, Lift, Swimming Pool, Parking"
383,Meadow Enclave,Villa,Madhapur,23271302,"CCTV, Parking, Children's Park, Security"
384,Lakeview Residency,Apartment,HITEC City,10898496,"Security, CCTV, Parking, Home Automation, Clubhouse, Gym"
385,Skyline Villas,Villa,HITEC City,25504680,"Children's Park, Garden, Clubhouse, Security, Gym"
386,Green Arcade,Commercial,Miyapur,31016464,"Security, Solar Water Heater, Children's Park, Lift"
387,Elite Square,Commercial,Miyapur,28864556,"Lift, Home Automation, Power Backup, Clubhouse, Solar Water Heater"
388,Orchid Villas,Villa,Kondapur,19882410,"Swimming Pool, CCTV, Power Backup"
389,Sunshine Estates,Villa,Madhapur,21146390,"Lift, Power Backup, Gym, Solar Water Heater"
390,Skyline Flats,Apartment,Patancheru,5744984,"Swimming Pool, Lift, Gym, Garden, Home Automation"
391,Sunshine Heights,Apartment,HITEC City,10191104,"Home Automation, Solar Water Heater, Power Backup"
392,Meadow Residency,Apartment,Beeramguda,6520074,"Lift, Power Backup, Swimming Pool"
393,Meadow Enclave,Villa,Kokapet,26034804,"Home Automation, Clubhouse, Power Backup, Parking, Lift"
394,Sunshine Heights,Apartment,Beeramguda,5574700,"Children's Park, Parking, Swimming Pool, Clubhouse, Security, Garden"
395,Meadow Enclave,Villa,HITEC City,46222637,"Power Backup, Home Automation, Security, CCTV, Lift"
396,Palm Arcade,Commercial,Kondapur,18585360,"Lift, Solar Water Heater, Parking, Children's Park, Garden"
397,Green Square,Commercial,Gachibowli,14328280,"Swimming Pool, Garden, Clubhouse"
398,Maple Gardens,Villa,Narsingi,16205320,"Solar Water Heater, Lift, Home Automation, Garden, CCTV"
399,Maple Flats,Apartment,Beeramguda,5494968,"CCTV, Swimming Pool, Lift, Home Automation, Gym"
400,Sunshine Residency,Apartment,Beeramguda,7989670,"CCTV, Parking, Solar Water Heater, Children's Park, Garden, Lift"
401,Golden Square,Commercial,Beeramguda,19858862,"CCTV, Solar Water Heater, Garden, Clubhouse, Lift"
402,Golden Flats,Apartment,Patancheru,5270837,"Parking, Solar Water Heater, Swimming Pool"
403,Palm Villas,Villa,Bachupally,21060018,"Power Backup, Solar Water Heater, Lift, Clubhouse"
404,Palm Estates,Villa,Jubilee Hills,44236725,"Garden, Clubhouse, Children's Park, Security, Swimming Pool"
405,Elite Square,Commercial,Jubilee Hills,17483455,"Lift, Clubhouse, Swimming Pool, Gym"
406,Skyline Gardens,Villa,Miyapur,17101014,"Gym, Swimming Pool, CCTV, Children's Park, Garden, Solar Water Heater"
407,Lakeview Flats,Apartment,HITEC City,10207494,"Clubhouse, Home Automation, Parking"
408,Elite Heights,Apartment,Tukkuguda,5258362,"Security, Gym, CCTV"
409,Golden Estates,Villa,Kondapur,27908400,"Parking, Security, Garden, Power Backup"
410,Palm Villas,Villa,Tukkuguda,15827610,"Clubhouse, Garden, Children's Park, Gym, Power Backup, Parking"
411,Orchid Estates,Villa,Gachibowli,22066440,"Home Automation, Gym, Children's Park, Security"
412,Maple Villas,Villa,Gachibowli,40686008,"Garden, Parking, Clubhouse"
413,Golden Arcade,Commercial,Bachupally,18348148,"Children's Park, Power Backup, Lift, Home Automation"
414,Golden Heights,Apartment,Jubilee Hills,16921600,"Security, CCTV, Lift, Clubhouse, Power Backup"
415,Orchid Heights,Apartment,HITEC City,15239268,"Home Automation, Security, CCTV, Garden, Solar Water Heater"
416,Meadow Enclave,Villa,Madhapur,13295394,"Solar Water Heater, Garden, Security, Lift, Power Backup"
417,Palm Flats,Apartment,Kondapur,10388565,"Solar Water Heater, Security, Gym"
418,Orchid Estates,Villa,Gachibowli,29671290,"Solar Water Heater, Power Backup, Home Automation, Gym, Parking"
419,Maple Square,Commercial,Narsingi,29114650,"Security, Children's Park, Solar Water Heater, Power Backup, Swimming Pool"
420,Lakeview Residency,Apartment,Miyapur,5552370,"Parking, Children's Park, Garden, Gym, Home Automation, Security"
421,Meadow Villas,Villa,Adibatla,14453604,"Swimming Pool, CCTV, Lift, Home Automation, Solar Water Heater"
422,Lakeview Towers,Apartment,HITEC City,12512095,"Security, Home Automation, Children's Park, Clubhouse"
423,Golden Towers,Apartment,Beeramguda,6015624,"Gym, Home Automation, Parking, Swimming Pool, Security"
424,Palm Enclave,Villa,Gachibowli,20258425,"Gym, Children's Park, Garden"
425,Maple Residency,Apartment,Madhapur,10906500,"Clubhouse, Solar Water Heater, Security, Lift, CCTV, Power Backup"
426,Sunshine Villas,Villa,Adibatla,12606451,"CCTV, Solar Water Heater, Swimming Pool"
427,Elite Towers,Apartment,Beeramguda,4530015,"Swimming Pool, Gym, CCTV, Power Backup, Children's Park"
428,Green Enclave,Villa,Tukkuguda,11602668,"Clubhouse, Security, Children's Park, Home Automation"
429,Skyline Flats,Apartment,Beeramguda,5518968,"Lift, Security, Home Automation, Clubhouse, Power Backup"
430,Meadow Square,Commercial,Patancheru,8558480,"Home Automation, Swimming Pool, Children's Park"
431,Green Villas,Villa,Gachibowli,35003166,"Home Automation, Swimming Pool, Garden"
432,Green Centre,Commercial,Miyapur,16719640,"Power Backup, CCTV, Garden, Home Automation"
433,Sunshine Towers,Apartment,Kokapet,11156971,"Home Automation, Power Backup, Children's Park, Parking, Swimming Pool"
434,Sunshine Heights,Apartment,Miyapur,8471848,"Parking, Swimming Pool, Solar Water Heater, Clubhouse"
435,Lakeview Flats,Apartment,Gachibowli,12213880,"Solar Water Heater, Home Automation, Lift, Security"
436,Maple Towers,Apartment,Kondapur,8245884,"Power Backup, Gym, CCTV, Swimming Pool"
437,Golden Centre,Commercial,Kondapur,17289840,"Garden, Swimming Pool, Security, Solar Water Heater, Children's Park, Gym"
438,Golden Towers,Apartment,Tukkuguda,7021175,"Solar Water Heater, Home Automation, Children's Park, Power Backup"
439,Skyline Plaza,Commercial,Miyapur,29650057,"Security, Lift, Home Automation, Clubhouse, Swimming Pool, Gym"
440,Maple Arcade,Commercial,Jubilee Hills,25885860,"CCTV, Parking, Lift, Clubhouse"
441,Lakeview Centre,Commercial,Kokapet,29444156,"CCTV, Clubhouse, Power Backup, Security, Garden, Swimming Pool"
442,Lakeview Arcade,Commercial,Jubilee Hills,20427330,"Parking, Security, Lift, Power Backup"
443,Golden Gardens,Villa,Tukkuguda,13896015,"Swimming Pool, Home Automation, Security, Garden"
444,Orchid Arcade,Commercial,Narsingi,31866192,"Solar Water Heater, Children's Park, Garden, Power Backup, Security, Gym"
445,Orchid Arcade,Commercial,Gachibowli,42224975,"Swimming Pool, Parking, Gym, Power Backup"
446,Green Arcade,Commercial,Gachibowli,41788516,"Clubhouse, Home Automation, Garden, Children's Park, Swimming Pool"
447,Golden Heights,Apartment,Gachibowli,11750154,"Clubhouse, Garden, Children's Park"
448,Skyline Estates,Villa,Gachibowli,34563960,"Security, Garden, Swimming Pool, Gym, Clubhouse"
449,Green Plaza,Commercial,Kokapet,29801280,"CCTV, Swimming Pool, Solar Water Heater"
450,Meadow Estates,Villa,Beeramguda,12124496,"Solar Water Heater, Parking, Clubhouse, Children's Park"
451,Sunshine Square,Commercial,Bachupally,36912874,"Power Backup, Home Automation, Security"
452,Sunshine Square,Commercial,Narsingi,21540718,"Solar Water Heater, Clubhouse, Lift, Security"
453,Palm Heights,Apartment,Beeramguda,7154152,"Swimming Pool, Lift, Parking, Clubhouse, Power Backup"
454,Green Estates,Villa,Madhapur,17485814,"Solar Water Heater, Swimming Pool, Clubhouse"
455,Sunshine Villas,Villa,Patancheru,10590258,"Parking, Garden, Home Automation, Security, Clubhouse, Lift"
456,Meadow Centre,Commercial,Jubilee Hills,15663239,"CCTV, Garden, Clubhouse, Security, Swimming Pool"
457,Lakeview Gardens,Villa,Beeramguda,18453280,"Power Backup, CCTV, Home Automation, Gym, Swimming Pool"
458,Skyline Estates,Villa,Gachibowli,21978810,"Clubhouse, Children's Park, Swimming Pool, Power Backup"
459,Maple Towers,Apartment,Madhapur,11040489,"Security, Power Backup, Gym, Parking"
460,Sunshine Centre,Commercial,Adibatla,16684743,"Swimming Pool, Children's Park, Parking"
461,Maple Estates,Villa,Tukkuguda,18062655,"Lift, Garden, Security"
462,Skyline Flats,Apartment,Madhapur,6853535,"Solar Water Heater, Children's Park, CCTV, Security, Parking"
463,Lakeview Estates,Villa,Jubilee Hills,36440160,"Gym, Solar Water Heater, CCTV"
464,Lakeview Heights,Apartment,Adibatla,4808208,"Clubhouse, Security, Swimming Pool"
465,Sunshine Centre,Commercial,Kokapet,15111096,"Parking, Clubhouse, Security"
466,Skyline Estates,Villa,Beeramguda,11760796,"Gym, CCTV, Swimming Pool, Parking, Garden, Solar Water Heater"
467,Elite Heights,Apartment,Beeramguda,4745193,"Security, Solar Water Heater, Power Backup, Clubhouse, Home Automation"
468,Palm Centre,Commercial,Beeramguda,12314192,"Parking, CCTV, Solar Water Heater"
469,Lakeview Flats,Apartment,Narsingi,6844807,"Lift, Swimming Pool, Solar Water Heater, Parking"
470,Lakeview Residency,Apartment,Beeramguda,7908492,"Home Automation, Garden, Gym, Clubhouse, Lift"
471,Green Square,Commercial,Beeramguda,5954472,"Lift, Home Automation, Security, Gym, Swimming Pool"
472,Skyline Centre,Commercial,Kokapet,18720625,"Parking, Gym, Security, Lift, Swimming Pool, Home Automation"
473,Meadow Villas,Villa,Beeramguda,11484468,"Garden, Solar Water Heater, Gym"
474,Lakeview Enclave,Villa,Kondapur,18706698,"Garden, Swimming Pool, Gym, Security"
475,Palm Plaza,Commercial,HITEC City,13915980,"Lift, Clubhouse, CCTV, Power Backup, Security"
476,Orchid Enclave,Villa,Narsingi,23045763,"Security, Parking, Garden"
477,Meadow Heights,Apartment,Gachibowli,10993840,"Home Automation, CCTV, Security, Gym, Children's Park, Solar Water Heater"
478,Meadow Villas,Villa,Kokapet,33740000,"Home Automation, Parking, Swimming Pool, Solar Water Heater, Garden"
479,Maple Square,Commercial,HITEC City,42942019,"CCTV, Children's Park, Swimming Pool, Clubhouse"
480,Sunshine Centre,Commercial,Kondapur,37665591,"Home Automation, Solar Water Heater, Parking, Lift, Power Backup"
481,Golden Villas,Villa,HITEC City,44244720,"Children's Park, CCTV, Lift"
482,Orchid Residency,Apartment,Tukkuguda,5153120,"CCTV, Solar Water Heater, Power Backup, Security, Clubhouse"
483,Lakeview Flats,Apartment,Kondapur,8322553,"Gym, Home Automation, Lift, Children's Park, Power Backup, Clubhouse"
484,Sunshine Heights,Apartment,Bachupally,8516040,"Parking, Power Backup, Clubhouse, CCTV, Gym, Lift"
485,Palm Heights,Apartment,Patancheru,5926267,"Garden, Power Backup, Solar Water Heater, Home Automation, Gym, Clubhouse"
486,Golden Square,Commercial,Kokapet,39420966,"Security, Lift, Garden, CCTV"
487,Palm Heights,Apartment,Tukkuguda,6151314,"Home Automation, CCTV, Solar Water Heater, Security, Swimming Pool, Children's Park"
488,Golden Estates,Villa,Madhapur,16391970,"Parking, Swimming Pool, Garden, Home Automation, Clubhouse"
489,Palm Gardens,Villa,Patancheru,21497908,"Security, Power Backup, Children's Park, Lift"
490,Lakeview Towers,Apartment,Jubilee Hills,16708263,"Children's Park, Power Backup, CCTV, Solar Water Heater, Parking"
491,Lakeview Arcade,Commercial,HITEC City,15335560,"Security, Lift, Parking, Garden, Solar Water Heater, Gym"
492,Elite Gardens,Villa,Miyapur,19131228,"Power Backup, Solar Water Heater, Gym, Lift"
493,Maple Towers,Apartment,Beeramguda,3906184,"Security, Solar Water Heater, Clubhouse"
494,Meadow Towers,Apartment,Beeramguda,4885463,"Gym, Swimming Pool, Power Backup"
495,Skyline Residency,Apartment,Adibatla,7760545,"Lift, Power Backup, Children's Park, Gym, CCTV, Solar Water Heater"
496,Meadow Estates,Villa,Bachupally,21683200,"Security, Children's Park, Solar Water Heater, Home Automation, Garden"
497,Golden Enclave,Villa,Patancheru,11076172,"Home Automation, Gym, Garden, Lift"
498,Golden Villas,Villa,Adibatla,19086097,"CCTV, Gym, Security, Parking, Lift"
499,Lakeview Square,Commercial,Gachibowli,41327685,"Power Backup, Clubhouse, Garden, Children's Park, Home Automation, CCTV"
500,Maple Towers,Apartment,Tukkuguda,6028074,"Children's Park, Home Automation, CCTV"
501,Green Arcade,Commercial,HITEC City,12231120,"Solar Water Heater, Clubhouse, Parking, Security, Garden, Home Automation"
502,Palm Arcade,Commercial,Adibatla,4267059,"Security, Children's Park, Power Backup, Clubhouse, Home Automation"
503,Green Gardens,Villa,Kokapet,29682576,"Children's Park, Parking, Power Backup"
504,Green Square,Commercial,Kokapet,26998480,"Lift, Power Backup, Solar Water Heater, Parking, Garden, Gym"
505,Maple Enclave,Villa,Beeramguda,10787840,"CCTV, Security, Parking, Solar Water Heater"
506,Elite Arcade,Commercial,HITEC City,27590115,"Garden, CCTV, Children's Park, Clubhouse"
507,Orchid Estates,Villa,Beeramguda,13530335,"Security, Lift, Children's Park, Clubhouse, Garden"
508,Orchid Square,Commercial,HITEC City,51028208,"Home Automation, Parking, Security"
509,Skyline Enclave,Villa,Jubilee Hills,34370160,"Garden, Solar Water Heater, Parking, Swimming Pool, Home Automation"
510,Sunshine Square,Commercial,Gachibowli,20284720,"Parking, Gym, Lift, Garden, Solar Water Heater"
511,Skyline Residency,Apartment,Bachupally,6232089,"Power Backup, Garden, Parking"
512,Meadow Enclave,Villa,Kokapet,32265524,"Security, Power Backup, Solar Water Heater, Gym, Garden"
513,Orchid Centre,Commercial,Tukkuguda,16308780,"Children's Park, Clubhouse, Swimming Pool, Parking, Security"
514,Green Residency,Apartment,Narsingi,5527576,"Lift, CCTV, Parking, Security"
515,Green Gardens,Villa,Tukkuguda,19934861,"Clubhouse, Swimming Pool, CCTV"
516,Palm Flats,Apartment,HITEC City,11638390,"Garden, Clubhouse, Gym, Home Automation, Swimming Pool"
517,Golden Estates,Villa,Narsingi,12360590,"Solar Water Heater, Home Automation, Security, Power Backup, Swimming Pool, Parking"
518,Golden Flats,Apartment,Kokapet,18827402,"Solar Water Heater, Power Backup, CCTV, Home Automation, Gym"
519,Sunshine Estates,Villa,Jubilee Hills,41523378,"Gym, Children's Park, Solar Water Heater"
520,Maple Enclave,Villa,Kokapet,39128448,"Children's Park, CCTV, Clubhouse, Parking"
521,Maple Heights,Apartment,Jubilee Hills,16816230,"Security, Solar Water Heater, Clubhouse"
522,Maple Heights,Apartment,Jubilee Hills,12332970,"Security, CCTV, Children's Park"
523,Lakeview Villas,Villa,Adibatla,15205911,"Solar Water Heater, Power Backup, Gym, Home Automation"
524,Lakeview Enclave,Villa,Jubilee Hills,28902312,"Garden, CCTV, Power Backup"
525,Orchid Residency,Apartment,Adibatla,4609248,"Children's Park, Power Backup, Solar Water Heater, Garden, Parking"
526,Lakeview Square,Commercial,Jubilee Hills,20394555,"Gym, Clubhouse, Lift"
527,Meadow Arcade,Commercial,Tukkuguda,6957184,"Children's Park, Swimming Pool, Parking"
528,Lakeview Plaza,Commercial,Kondapur,16794770,"Lift, Power Backup, Home Automation, Security"
529,Maple Square,Commercial,Adibatla,12970008,"Solar Water Heater, Swimming Pool, Garden"
530,Meadow Gardens,Villa,Kondapur,20402370,"Solar Water Heater, CCTV, Garden, Clubhouse, Gym"
531,Lakeview Centre,Commercial,Adibatla,19082000,"Lift, Home Automation, Security, Parking, Power Backup"
532,Meadow Plaza,Commercial,Beeramguda,5353920,"Garden, Security, CCTV"
533,Palm Enclave,Villa,Madhapur,23675204,"Lift, Swimming Pool, Children's Park, Security, Power Backup"
534,Meadow Towers,Apartment,Gachibowli,11977650,"CCTV, Clubhouse, Lift, Solar Water Heater, Security"
535,Palm Arcade,Commercial,Narsingi,11700364,"Children's Park, Clubhouse, CCTV, Garden"
536,Golden Heights,Apartment,Kokapet,15409152,"Garden, Swimming Pool, Parking, Clubhouse, Children's Park"
537,Maple Plaza,Commercial,Bachupally,24894986,"Clubhouse, Security, Solar Water Heater, Power Backup, Gym, Parking"
538,Elite Towers,Apartment,HITEC City,13182159,"Parking, Security, Swimming Pool, Lift"
539,Palm Arcade,Commercial,Kondapur,25102024,"Solar Water Heater, Clubhouse, Home Automation"
540,Maple Arcade,Commercial,Kokapet,44304392,"Clubhouse, CCTV, Children's Park, Swimming Pool, Garden, Power Backup"
541,Palm Enclave,Villa,Bachupally,27389748,"Solar Water Heater, Gym, Home Automation"
542,Sunshine Heights,Apartment,Kondapur,8492478,"Garden, Gym, Clubhouse, Solar Water Heater"
543,Orchid Plaza,Commercial,Beeramguda,18068238,"Children's Park, Garden, Security, Gym, Home Automation"
544,Orchid Heights,Apartment,Gachibowli,12716510,"Power Backup, Garden, Gym, Home Automation, Parking, Lift"
545,Sunshine Plaza,Commercial,Beeramguda,16804540,"Security, Children's Park, Swimming Pool, Solar Water Heater, Gym"
546,Green Villas,Villa,Madhapur,17881965,"Clubhouse, Swimming Pool, Home Automation, Solar Water Heater, Lift"
547,Palm Flats,Apartment,Adibatla,7206350,"Children's Park, Swimming Pool, Solar Water Heater, Security"
548,Sunshine Gardens,Villa,Adibatla,16127650,"Garden, Clubhouse, CCTV, Security, Swimming Pool"
549,Lakeview Plaza,Commercial,Miyapur,13833280,"Gym, Solar Water Heater, CCTV, Parking, Security"
550,Skyline Arcade,Commercial,Beeramguda,12105744,"Security, Swimming Pool, Home Automation"
551,Palm Square,Commercial,Kokapet,51450876,"Children's Park, Solar Water Heater, Home Automation"
552,Skyline Arcade,Commercial,Tukkuguda,8093052,"Clubhouse, CCTV, Parking, Garden, Home Automation, Security"
553,Elite Residency,Apartment,Madhapur,9323136,"Swimming Pool, CCTV, Parking"
554,Meadow Residency,Apartment,Tukkuguda,5800582,"Power Backup, Clubhouse, Security"
555,Skyline Centre,Commercial,Miyapur,7535792,"Security, Children's Park, Home Automation, Gym"
556,Orchid Centre,Commercial,Gachibowli,18585126,"CCTV, Security, Solar Water Heater, Clubhouse"
557,Orchid Enclave,Villa,Bachupally,20610656,"Solar Water Heater, Clubhouse, Gym, Home Automation, Children's Park, Parking"
558,Maple Square,Commercial,Adibatla,18241020,"Garden, CCTV, Parking, Lift, Gym"
559,Orchid Plaza,Commercial,Gachibowli,20368411,"Gym, Lift, Home Automation, Parking"
560,Skyline Arcade,Commercial,Gachibowli,33032921,"Garden, Children's Park, Home Automation, Clubhouse, Lift, Swimming Pool"
561,Sunshine Towers,Apartment,Narsingi,6318520,"Children's Park, Solar Water Heater, Swimming Pool, Home Automation, Lift, Power Backup"
562,Orchid Towers,Apartment,Jubilee Hills,13488917,"Security, Parking, CCTV, Solar Water Heater, Gym"
563,Maple Square,Commercial,HITEC City,55698195,"Gym, Power Backup, Security"
564,Golden Towers,Apartment,Jubilee Hills,12627626,"Solar Water Heater, Clubhouse, Garden, Power Backup, Children's Park"
565,Sunshine Gardens,Villa,Kondapur,25798412,"Gym, Solar Water Heater, Security, Lift, CCTV"
566,Palm Estates,Villa,Patancheru,13348336,"Power Backup, Parking, Home Automation, Gym, Lift"
567,Meadow Flats,Apartment,Gachibowli,11801496,"Gym, Home Automation, Swimming Pool, Garden, Solar Water Heater, CCTV"
568,Lakeview Heights,Apartment,Adibatla,4080772,"Garden, Solar Water Heater, Children's Park, Swimming Pool, Parking, Clubhouse"
569,Sunshine Flats,Apartment,Jubilee Hills,18550344,"Garden, Swimming Pool, Solar Water Heater, Lift, CCTV"
570,Green Towers,Apartment,HITEC City,15382818,"Parking, Swimming Pool, Garden, Lift, CCTV, Power Backup"
571,Meadow Square,Commercial,Kokapet,12774666,"Security, Lift, Garden"
572,Maple Arcade,Commercial,Jubilee Hills,26846964,"Parking, Solar Water Heater, Gym"
573,Palm Residency,Apartment,Adibatla,6404174,"Lift, Security, Swimming Pool, Garden, Solar Water Heater"
574,Skyline Flats,Apartment,Bachupally,8307390,"Lift, Home Automation, Gym"
575,Golden Heights,Apartment,Beeramguda,5576418,"Swimming Pool, Gym, Home Automation"
576,Maple Plaza,Commercial,Beeramguda,13464990,"Swimming Pool, Security, Home Automation, Parking, CCTV"
577,Orchid Gardens,Villa,Kokapet,24036680,"Security, Lift, Parking, Clubhouse"
578,Maple Flats,Apartment,Beeramguda,4553620,"Children's Park, Garden, Swimming Pool, Gym, Security"
579,Meadow Estates,Villa,Patancheru,15039900,"CCTV, Clubhouse, Power Backup"
580,Palm Centre,Commercial,Gachibowli,28646656,"CCTV, Power Backup, Lift, Home Automation, Gym, Clubhouse"
581,Orchid Villas,Villa,Jubilee Hills,34899345,"Parking, Power Backup, CCTV"
582,Meadow Arcade,Commercial,Kokapet,62394254,"Gym, Parking, Swimming Pool"
583,Skyline Gardens,Villa,Patancheru,11349450,"Children's Park, Solar Water Heater, Power Backup"
584,Skyline Centre,Commercial,Kondapur,19609200,"Lift, Parking, Power Backup"
585,Golden Gardens,Villa,Kokapet,30071020,"Parking, Clubhouse, Home Automation, Garden, Children's Park"
586,Lakeview Gardens,Villa,Gachibowli,22388085,"Solar Water Heater, Power Backup, Garden"
587,Palm Heights,Apartment,Tukkuguda,8024387,"Security, Garden, Children's Park"
588,Orchid Towers,Apartment,Gachibowli,18659840,"Gym, Parking, Children's Park, Power Backup"
589,Sunshine Centre,Commercial,Kokapet,23566662,"Parking, Lift, Power Backup, Garden"
590,Lakeview Enclave,Villa,Kokapet,30423444,"Solar Water Heater, Children's Park, Garden, Swimming Pool, Clubhouse"
591,Lakeview Villas,Villa,HITEC City,33601095,"Children's Park, Swimming Pool, Gym, Clubhouse, Solar Water Heater"
592,Palm Centre,Commercial,HITEC City,43827189,"Clubhouse, Solar Water Heater, Children's Park"
593,Golden Flats,Apartment,Adibatla,6234410,"Clubhouse, Parking, CCTV"
594,Orchid Heights,Apartment,Bachupally,6783637,"Security, Children's Park, Power Backup"
595,Green Residency,Apartment,Tukkuguda,6730341,"Clubhouse, Power Backup, Security, Gym"
596,Orchid Estates,Villa,HITEC City,28667783,"Solar Water Heater, Power Backup, Clubhouse, Swimming Pool, Children's Park"
597,Meadow Gardens,Villa,Bachupally,26562548,"Gym, Power Backup, Solar Water Heater, Swimming Pool, Clubhouse, Children's Park"
598,Orchid Gardens,Villa,Kondapur,21581170,"Swimming Pool, Children's Park, Power Backup, Gym"
599,Elite Flats,Apartment,Kondapur,5348477,"Garden, Parking, Children's Park"
600,Skyline Villas,Villa,Bachupally,20722296,"Solar Water Heater, Security, Parking"
601,Meadow Flats,Apartment,Tukkuguda,6460950,"Home Automation, Children's Park, Lift"
602,Elite Towers,Apartment,Madhapur,9717120,"Parking, Garden, Lift, Power Backup, CCTV, Home Automation"
603,Skyline Enclave,Villa,Patancheru,16925260,"Home Automation, Lift, Children's Park, Parking, CCTV, Power Backup"
604,Sunshine Square,Commercial,Narsingi,23350502,"Gym, Garden, Power Backup, Lift, Parking, Children's Park"
605,Elite Flats,Apartment,Beeramguda,6345000,"Security, CCTV, Home Automation"
606,Skyline Enclave,Villa,Gachibowli,34922532,"Power Backup, Security, CCTV, Solar Water Heater"
607,Palm Villas,Villa,Bachupally,19940879,"Children's Park, CCTV, Parking, Power Backup, Lift"
608,Green Heights,Apartment,Tukkuguda,8419668,"Clubhouse, Home Automation, Parking, CCTV, Solar Water Heater"
609,Green Plaza,Commercial,Patancheru,10538460,"Children's Park, Gym, Garden, Security, CCTV, Lift"
610,Sunshine Plaza,Commercial,Madhapur,34513050,"Power Backup, Clubhouse, Security, Solar Water Heater, Children's Park, Parking"
611,Sunshine Plaza,Commercial,Tukkuguda,16989192,"Clubhouse, Power Backup, Lift"
612,Green Gardens,Villa,Adibatla,12069508,"Children's Park, Solar Water Heater, Clubhouse, Home Automation, CCTV"
613,Green Residency,Apartment,HITEC City,15673156,"Garden, Swimming Pool, Home Automation, Security, Parking, Gym"
614,Green Heights,Apartment,Tukkuguda,7176816,"Swimming Pool, Parking, Security, Gym, Solar Water Heater, Lift"
615,Sunshine Villas,Villa,Miyapur,11428045,"Swimming Pool, Power Backup, Security"
616,Maple Plaza,Commercial,Gachibowli,25987508,"Swimming Pool, Parking, Home Automation, Solar Water Heater"
617,Elite Villas,Villa,Tukkuguda,12628692,"Home Automation, Solar Water Heater, Power Backup"
618,Orchid Flats,Apartment,Jubilee Hills,13855884,"Security, Garden, CCTV, Lift"
619,Skyline Heights,Apartment,Gachibowli,14475806,"Clubhouse, Home Automation, CCTV, Security, Power Backup, Parking"
620,Green Flats,Apartment,Narsingi,7182840,"Security, Solar Water Heater, Children's Park"
621,Golden Centre,Commercial,Bachupally,6760512,"Solar Water Heater, Gym, Home Automation, Lift, Parking"
622,Elite Residency,Apartment,HITEC City,12335218,"Solar Water Heater, Children's Park, Parking, Home Automation, Clubhouse"
623,Green Estates,Villa,Miyapur,22137246,"Parking, Garden, Clubhouse, Home Automation, Solar Water Heater"
624,Green Heights,Apartment,HITEC City,13051682,"Children's Park, Solar Water Heater, Power Backup, Home Automation, Garden, CCTV"
625,Meadow Square,Commercial,Beeramguda,23885376,"CCTV, Garden, Lift, Gym"
626,Orchid Heights,Apartment,Bachupally,9304355,"Swimming Pool, Gym, Clubhouse, Home Automation"
627,Golden Flats,Apartment,Gachibowli,14994024,"Gym, Home Automation, Parking, Garden, Swimming Pool, CCTV"
628,Palm Heights,Apartment,Jubilee Hills,14206950,"Garden, Power Backup, Parking"
629,Orchid Arcade,Commercial,Narsingi,22835726,"Swimming Pool, Solar Water Heater, Parking, Children's Park, Lift, CCTV"
630,Palm Enclave,Villa,Patancheru,19042199,"Home Automation, Solar Water Heater, Gym, Parking, Lift, Garden"
631,Skyline Centre,Commercial,Gachibowli,39166335,"Home Automation, Children's Park, Lift, Power Backup"
632,Green Arcade,Commercial,Jubilee Hills,18219708,"CCTV, Parking, Lift"
633,Golden Heights,Apartment,Beeramguda,8698620,"CCTV, Solar Water Heater, Parking, Children's Park, Swimming Pool, Gym"
634,Sunshine Flats,Apartment,Adibatla,6030336,"Clubhouse, Children's Park, Lift, Solar Water Heater, Power Backup, Security"
635,Palm Flats,Apartment,Kokapet,10149436,"Swimming Pool, Parking, Home Automation, Gym, Power Backup"
636,Elite Square,Commercial,Tukkuguda,10185287,"Garden, Home Automation, Gym, Power Backup, Swimming Pool, Parking"
637,Sunshine Heights,Apartment,Jubilee Hills,11749350,"Children's Park, Swimming Pool, CCTV, Lift, Clubhouse"
638,Orchid Gardens,Villa,Kokapet,26009116,"Swimming Pool, Security, Children's Park, Clubhouse, CCTV"
639,Lakeview Plaza,Commercial,Kondapur,28470614,"Children's Park, Gym, Power Backup"
640,Lakeview Plaza,Commercial,Patancheru,13838132,"Garden, Lift, Security, Home Automation, Power Backup, Clubhouse"
641,Meadow Enclave,Villa,Beeramguda,15428112,"Security, Home Automation, CCTV"
642,Lakeview Enclave,Villa,Beeramguda,13015072,"Lift, Power Backup, Swimming Pool, Solar Water Heater, Garden"
643,Sunshine Centre,Commercial,Beeramguda,7368900,"Home Automation, Gym, Power Backup"
644,Golden Heights,Apartment,Bachupally,9586174,"Lift, Security, Power Backup, Swimming Pool, Parking, Gym"
645,Lakeview Arcade,Commercial,Bachupally,8583725,"Garden, Parking, Children's Park"
646,Elite Flats,Apartment,Tukkuguda,5239404,"CCTV, Gym, Solar Water Heater, Swimming Pool"
647,Sunshine Enclave,Villa,Gachibowli,39849648,"Solar Water Heater, Children's Park, Gym, Swimming Pool, Parking"
648,Maple Gardens,Villa,Narsingi,22106560,"Children's Park, Garden, Clubhouse, Home Automation"
649,Skyline Plaza,Commercial,Patancheru,23543629,"Garden, Lift, Gym, Swimming Pool, Solar Water Heater"
650,Skyline Enclave,Villa,Madhapur,18691211,"Parking, Clubhouse, Home Automation, CCTV"
651,Sunshine Heights,Apartment,Miyapur,6420134,"Power Backup, CCTV, Security, Parking, Gym"
652,Palm Gardens,Villa,HITEC City,25500740,"Lift, Solar Water Heater, Clubhouse, Home Automation"
653,Sunshine Plaza,Commercial,Kokapet,49786628,"Children's Park, CCTV, Clubhouse, Parking"
654,Orchid Plaza,Commercial,Jubilee Hills,15066027,"Swimming Pool, Gym, Lift, Home Automation, Solar Water Heater, CCTV"
655,Lakeview Enclave,Villa,Tukkuguda,13734636,"Home Automation, Solar Water Heater, Parking, Power Backup"
656,Palm Gardens,Villa,Kondapur,15940000,"Power Backup, Security, Lift"
657,Green Arcade,Commercial,Tukkuguda,8159637,"Power Backup, CCTV, Clubhouse, Gym"
658,Golden Residency,Apartment,Gachibowli,16893816,"Swimming Pool, Solar Water Heater, Parking, Home Automation, Clubhouse, Gym"
659,Meadow Gardens,Villa,Beeramguda,10610860,"Solar Water Heater, Garden, Clubhouse"
660,Lakeview Towers,Apartment,Adibatla,6217560,"Parking, Power Backup, Gym, CCTV, Home Automation, Clubhouse"
661,Meadow Towers,Apartment,Patancheru,6180750,"Security, Clubhouse, Gym, CCTV"
662,Sunshine Plaza,Commercial,HITEC City,24868168,"Swimming Pool, Security, Home Automation"
663,Lakeview Gardens,Villa,Miyapur,20053407,"Garden, Home Automation, Swimming Pool, CCTV, Children's Park"
664,Elite Centre,Commercial,Jubilee Hills,40132376,"Swimming Pool, Solar Water Heater, Security, Children's Park, Gym"
665,Elite Residency,Apartment,HITEC City,14159986,"Gym, Garden, Swimming Pool, Children's Park, Parking, Solar Water Heater"
666,Sunshine Villas,Villa,Adibatla,16640086,"Garden, Power Backup, Security, CCTV, Parking"
667,Meadow Square,Commercial,Tukkuguda,24639784,"Security, Parking, Children's Park, Clubhouse, Swimming Pool"
668,Green Villas,Villa,Gachibowli,46625955,"Children's Park, Swimming Pool, CCTV, Power Backup"
669,Meadow Centre,Commercial,Tukkuguda,14259880,"Swimming Pool, Children's Park, Garden, Parking"
670,Palm Centre,Commercial,Narsingi,13146915,"Clubhouse, CCTV, Solar Water Heater, Power Backup"
671,Maple Square,Commercial,Madhapur,30853150,"Swimming Pool, Power Backup, Security, Gym"
672,Sunshine Heights,Apartment,Miyapur,9086200,"Power Backup, Home Automation, Gym, Lift, Security, Parking"
673,Sunshine Enclave,Villa,Gachibowli,41402634,"Solar Water Heater, Power Backup, Children's Park, Parking, Home Automation, Swimming Pool"
674,Palm Plaza,Commercial,Adibatla,19327194,"Swimming Pool, Home Automation, Children's Park, Gym"
675,Golden Estates,Villa,Kokapet,25598350,"Home Automation, CCTV, Garden"
676,Palm Square,Commercial,Bachupally,10350480,"Garden, Gym, Security"
677,Palm Plaza,Commercial,Tukkuguda,25497316,"Lift, Swimming Pool, Solar Water Heater"
678,Elite Towers,Apartment,Tukkuguda,8331336,"CCTV, Lift, Power Backup, Garden, Home Automation"
679,Green Estates,Villa,Jubilee Hills,42242556,"Gym, Security, Power Backup, Parking, Lift, Home Automation"
680,Green Estates,Villa,Kokapet,33656418,"Gym, Swimming Pool, Power Backup, Parking"
681,Sunshine Plaza,Commercial,Kokapet,22495845,"Clubhouse, Lift, Garden, Swimming Pool"
682,Palm Villas,Villa,Adibatla,18407745,"Garden, Home Automation, Security, CCTV"
683,Skyline Villas,Villa,Kondapur,20782826,"Lift, Security, Children's Park, CCTV, Gym"
684,Meadow Centre,Commercial,Jubilee Hills,57933890,"Children's Park, Parking, Swimming Pool, CCTV, Security"
685,Palm Villas,Villa,Madhapur,18050904,"Clubhouse, Swimming Pool, Gym, Solar Water Heater"
686,Sunshine Gardens,Villa,Kondapur,18351672,"Swimming Pool, Security, Parking, Lift"
687,Elite Centre,Commercial,Kokapet,35986205,"Swimming Pool, Gym, Garden, Home Automation"
688,Maple Flats,Apartment,HITEC City,12755756,"Parking, Security, Swimming Pool, Garden, Gym"
689,Sunshine Centre,Commercial,Madhapur,30993360,"Solar Water Heater, Clubhouse, Power Backup"
690,Meadow Flats,Apartment,Madhapur,7602504,"Solar Water Heater, Gym, Home Automation, Parking, Swimming Pool, Children's Park"
691,Sunshine Plaza,Commercial,Kondapur,19934100,"Security, Gym, Lift, Swimming Pool"
692,Golden Residency,Apartment,Bachupally,7848130,"Solar Water Heater, Lift, Power Backup, Home Automation"
693,Meadow Gardens,Villa,Gachibowli,30268989,"Lift, Clubhouse, CCTV, Swimming Pool, Security, Parking"
694,Orchid Plaza,Commercial,Patancheru,18202356,"Swimming Pool, Home Automation, Parking, Gym, Clubhouse, Security"
695,Skyline Heights,Apartment,Patancheru,7346256,"Clubhouse, Home Automation, Power Backup, Gym, CCTV"
696,Golden Residency,Apartment,Madhapur,10376375,"Power Backup, Solar Water Heater, Swimming Pool, Garden, Lift"
697,Palm Square,Commercial,Bachupally,13865564,"Children's Park, Power Backup, Gym, Solar Water Heater"
698,Sunshine Centre,Commercial,HITEC City,30492434,"Lift, Garden, CCTV, Swimming Pool, Gym, Children's Park"
699,Maple Plaza,Commercial,Beeramguda,15671472,"Children's Park, Security, Garden, Gym, CCTV"
700,Sunshine Flats,Apartment,Gachibowli,16099414,"Swimming Pool, Gym, Parking, Children's Park"
701,Elite Centre,Commercial,Patancheru,19167432,"Garden, Lift, Security, Parking, Swimming Pool"
702,Sunshine Square,Commercial,Tukkuguda,5433025,"Parking, Solar Water Heater, Power Backup"
703,Golden Estates,Villa,Kondapur,26554248,"CCTV, Solar Water Heater, Home Automation, Power Backup"
704,Golden Plaza,Commercial,Madhapur,28448130,"Parking, Swimming Pool, Clubhouse, Solar Water Heater, Home Automation"
705,Sunshine Towers,Apartment,Bachupally,8680052,"Children's Park, Swimming Pool, Lift"
706,Maple Arcade,Commercial,Tukkuguda,15765792,"Lift, Clubhouse, Garden, Children's Park, Swimming Pool, Power Backup"
707,Lakeview Villas,Villa,Beeramguda,15597468,"Home Automation, Solar Water Heater, Gym, Parking"
708,Sunshine Residency,Apartment,Narsingi,7133800,"Children's Park, Security, Gym, CCTV"
709,Golden Arcade,Commercial,Jubilee Hills,26115312,"Swimming Pool, Parking, Home Automation, Power Backup"
710,Palm Villas,Villa,Miyapur,19982472,"Power Backup, Clubhouse, Solar Water Heater, Children's Park, Gym"
711,Elite Gardens,Villa,Madhapur,10860711,"Swimming Pool, Power Backup, Garden"
712,Maple Enclave,Villa,Jubilee Hills,23142784,"Home Automation, Lift, Children's Park"
713,Elite Estates,Villa,Adibatla,14063991,"Garden, Power Backup, Clubhouse, Children's Park"
714,Lakeview Arcade,Commercial,Gachibowli,23956110,"Lift, Power Backup, Gym"
715,Skyline Flats,Apartment,Adibatla,6166368,"Swimming Pool, Home Automation, Parking, Lift"
716,Green Plaza,Commercial,Adibatla,6777168,"Children's Park, CCTV, Parking"
717,Palm Heights,Apartment,Patancheru,5744916,"Garden, Home Automation, Lift"
718,Lakeview Residency,Apartment,Adibatla,3825470,"Parking, Children's Park, Garden, Clubhouse, Home Automation, Lift"
719,Orchid Gardens,Villa,Bachupally,23846940,"Lift, Security, Home Automation"
720,Maple Estates,Villa,Kondapur,22631930,"Clubhouse, Gym, Lift, Security, Garden"
721,Maple Villas,Villa,Jubilee Hills,29267976,"Security, Gym, Swimming Pool, Children's Park, Garden"
722,Sunshine Residency,Apartment,Adibatla,6403410,"Gym, Power Backup, Parking, Solar Water Heater, Home Automation"
723,Golden Flats,Apartment,Miyapur,6363181,"Solar Water Heater, Security, Children's Park, Clubhouse, Power Backup, Swimming Pool"
724,Maple Gardens,Villa,Kokapet,32281438,"Solar Water Heater, Power Backup, Children's Park, Garden, Swimming Pool"
725,Elite Estates,Villa,Kondapur,22661490,"Garden, Parking, Security"
726,Maple Towers,Apartment,Bachupally,7837088,"Garden, Lift, Parking, Children's Park, Home Automation, CCTV"
727,Orchid Heights,Apartment,Bachupally,8337480,"Lift, Solar Water Heater, Power Backup, Swimming Pool, Children's Park"
728,Elite Plaza,Commercial,Adibatla,6969392,"Swimming Pool, CCTV, Parking, Clubhouse, Solar Water Heater, Gym"
729,Golden Plaza,Commercial,Jubilee Hills,50888860,"Security, Clubhouse, Power Backup"
730,Sunshine Villas,Villa,Jubilee Hills,42159884,"Solar Water Heater, Swimming Pool, Power Backup, Children's Park, Security, Garden"
731,Maple Heights,Apartment,Madhapur,10730448,"Children's Park, Lift, Home Automation"
732,Golden Heights,Apartment,HITEC City,15051014,"Lift, Swimming Pool, Clubhouse, Home Automation, Power Backup"
733,Orchid Plaza,Commercial,Gachibowli,20770222,"Parking, CCTV, Lift, Security, Clubhouse, Garden"
734,Elite Gardens,Villa,Madhapur,22190580,"Security, Children's Park, Gym"
735,Elite Villas,Villa,HITEC City,22986108,"Children's Park, Swimming Pool, Garden, Gym, Security"
736,Golden Gardens,Villa,Bachupally,18475800,"Home Automation, Security, CCTV, Lift, Solar Water Heater, Gym"
737,Golden Villas,Villa,HITEC City,23250225,"Lift, Security, Power Backup, Home Automation"
738,Palm Heights,Apartment,Beeramguda,6362312,"Parking, Solar Water Heater, Clubhouse, Power Backup, Children's Park"
739,Maple Residency,Apartment,Gachibowli,8984052,"Gym, Clubhouse, Security"
740,Green Arcade,Commercial,Kondapur,16692570,"Solar Water Heater, Swimming Pool, Power Backup, Gym, Children's Park"
741,Orchid Estates,Villa,Kondapur,17287110,"Power Backup, Children's Park, Home Automation, Clubhouse, Swimming Pool"
742,Meadow Plaza,Commercial,HITEC City,45356703,"Lift, CCTV, Solar Water Heater, Power Backup, Swimming Pool"
743,Lakeview Enclave,Villa,Narsingi,18171980,"Swimming Pool, Garden, Home Automation, Children's Park"
744,Lakeview Residency,Apartment,Kokapet,16665317,"Clubhouse, CCTV, Parking, Garden, Home Automation, Lift"
745,Golden Plaza,Commercial,Patancheru,24247080,"Gym, Swimming Pool, Lift, Clubhouse"
746,Skyline Plaza,Commercial,Beeramguda,23353920,"Garden, CCTV, Gym, Children's Park, Parking, Security"
747,Skyline Flats,Apartment,Adibatla,4627488,"CCTV, Power Backup, Garden"
748,Sunshine Arcade,Commercial,Miyapur,18933376,"Power Backup, Parking, Garden"
749,Golden Flats,Apartment,HITEC City,12336198,"Power Backup, Solar Water Heater, Security"
750,Maple Enclave,Villa,Madhapur,21643552,"Solar Water Heater, CCTV, Gym, Clubhouse, Swimming Pool, Garden"
751,Lakeview Residency,Apartment,HITEC City,10286068,"Clubhouse, Swimming Pool, Garden, Lift, Parking, Home Automation"
752,Green Gardens,Villa,Beeramguda,13311359,"Garden, CCTV, Solar Water Heater, Gym, Clubhouse"
753,Elite Enclave,Villa,Jubilee Hills,42819293,"Security, Children's Park, Lift"
754,Meadow Heights,Apartment,Adibatla,6026020,"Lift, Garden, Power Backup, Home Automation, Children's Park"
755,Green Villas,Villa,Kokapet,35142528,"Solar Water Heater, Gym, Children's Park, Security"
756,Green Gardens,Villa,Beeramguda,14172480,"Lift, Swimming Pool, Gym, Garden, Security"
757,Skyline Square,Commercial,Kondapur,17213223,"Home Automation, Lift, Solar Water Heater, Parking"
758,Golden Villas,Villa,Tukkuguda,15994776,"Home Automation, CCTV, Garden, Swimming Pool, Gym"
759,Elite Towers,Apartment,Bachupally,6596681,"Security, Power Backup, Gym"
760,Orchid Flats,Apartment,Kokapet,13500095,"Gym, Home Automation, Garden"
761,Green Heights,Apartment,Patancheru,6655076,"CCTV, Swimming Pool, Parking, Children's Park, Lift, Security"
762,Elite Towers,Apartment,Bachupally,10950570,"Parking, Gym, Security, Garden"
763,Meadow Centre,Commercial,Miyapur,14170434,"Garden, Gym, Power Backup"
764,Green Gardens,Villa,Kondapur,21186774,"Solar Water Heater, CCTV, Parking, Clubhouse, Children's Park"
765,Meadow Plaza,Commercial,Gachibowli,44487030,"Parking, Home Automation, Children's Park, Solar Water Heater"
766,Green Centre,Commercial,HITEC City,12732976,"Security, Home Automation, Children's Park, CCTV, Garden, Clubhouse"
767,Lakeview Estates,Villa,Bachupally,23433342,"Clubhouse, Lift, Power Backup, CCTV"
768,Meadow Residency,Apartment,Jubilee Hills,10522519,"Clubhouse, Garden, Security, Power Backup"
769,Meadow Flats,Apartment,Jubilee Hills,12874410,"Children's Park, Swimming Pool, CCTV, Home Automation, Garden"
770,Lakeview Towers,Apartment,Jubilee Hills,12583923,"Home Automation, Parking, Garden"
771,Lakeview Towers,Apartment,Narsingi,9697536,"CCTV, Lift, Clubhouse"
772,Elite Villas,Villa,HITEC City,50451940,"Lift, Power Backup, Home Automation, Solar Water Heater"
773,Golden Gardens,Villa,Beeramguda,14243650,"Garden, Parking, CCTV, Gym, Security, Clubhouse"
774,Lakeview Arcade,Commercial,Kondapur,32314632,"Children's Park, Gym, Home Automation"
775,Palm Gardens,Villa,HITEC City,30802995,"Gym, Home Automation, Clubhouse, Swimming Pool"
776,Maple Flats,Apartment,HITEC City,16038462,"Security, Clubhouse, Lift, Children's Park"
777,Green Residency,Apartment,Patancheru,6564150,"Solar Water Heater, Garden, Parking, Home Automation"
778,Maple Centre,Commercial,Jubilee Hills,44527122,"Home Automation, CCTV, Power Backup, Garden, Solar Water Heater, Clubhouse"
779,Orchid Towers,Apartment,Gachibowli,10165077,"Gym, Parking, Power Backup, Garden, CCTV"
780,Golden Flats,Apartment,Beeramguda,4376403,"Gym, Solar Water Heater, Garden, CCTV, Clubhouse, Parking"
781,Elite Square,Commercial,Narsingi,29695877,"Security, Home Automation, Power Backup"
782,Lakeview Enclave,Villa,Jubilee Hills,27989019,"Children's Park, Solar Water Heater, Clubhouse, CCTV, Home Automation, Garden"
783,Maple Estates,Villa,HITEC City,39553731,"Parking, Power Backup, CCTV, Garden"
784,Skyline Villas,Villa,Narsingi,14641496,"Swimming Pool, Home Automation, Garden"
785,Sunshine Enclave,Villa,Beeramguda,16764144,"Gym, Swimming Pool, Security"
786,Meadow Estates,Villa,HITEC City,36842624,"Swimming Pool, Security, Power Backup"
787,Lakeview Residency,Apartment,Patancheru,4742164,"Lift, Children's Park, Swimming Pool, Gym, Security, Garden"
788,Meadow Towers,Apartment,Narsingi,6794246,"Gym, Children's Park, CCTV"
789,Skyline Towers,Apartment,HITEC City,11693105,"Power Backup, Security, CCTV, Solar Water Heater, Clubhouse, Lift"
790,Palm Centre,Commercial,Bachupally,14846528,"Children's Park, Lift, Security, Power Backup"
791,Maple Villas,Villa,HITEC City,40509966,"Lift, Clubhouse, Swimming Pool, Children's Park, Garden"
792,Green Residency,Apartment,Tukkuguda,6786990,"Lift, CCTV, Solar Water Heater"
793,Palm Centre,Commercial,Tukkuguda,10947296,"Solar Water Heater, Garden, Clubhouse, Security, Power Backup"
794,Palm Towers,Apartment,Tukkuguda,5806003,"Power Backup, Swimming Pool, Clubhouse"
795,Golden Gardens,Villa,Adibatla,14223398,"Gym, Lift, Solar Water Heater, Garden"
796,Maple Centre,Commercial,Tukkuguda,18357204,"Security, Parking, Clubhouse, Lift, Home Automation, Solar Water Heater"
797,Orchid Villas,Villa,Jubilee Hills,29360700,"Lift, CCTV, Gym, Swimming Pool"
798,Orchid Residency,Apartment,Kondapur,8229444,"CCTV, Parking, Security, Swimming Pool, Lift, Garden"
799,Orchid Heights,Apartment,Kondapur,8086176,"Power Backup, Home Automation, Garden"
800,Skyline Gardens,Villa,Beeramguda,11622322,"Lift, Parking, Clubhouse"
801,Maple Enclave,Villa,HITEC City,43463271,"CCTV, Home Automation, Gym, Clubhouse, Security, Parking"
802,Lakeview Centre,Commercial,Gachibowli,39794226,"Security, Clubhouse, Garden, Parking, Home Automation, Power Backup"
803,Sunshine Residency,Apartment,Gachibowli,15358196,"Gym, Lift, Garden"
804,Meadow Plaza,Commercial,Kondapur,12288672,"Security, Power Backup, Parking, Clubhouse, Gym"
805,Meadow Centre,Commercial,Beeramguda,12718410,"Children's Park, Clubhouse, Power Backup, Security"
806,Maple Heights,Apartment,Gachibowli,12167286,"Children's Park, Power Backup, Lift, Home Automation, Gym, Parking"
807,Skyline Heights,Apartment,Kondapur,9281427,"Solar Water Heater, Garden, Swimming Pool"
808,Orchid Gardens,Villa,Tukkuguda,12783718,"Home Automation, Gym, CCTV, Children's Park, Solar Water Heater, Swimming Pool"
809,Green Villas,Villa,Madhapur,26989144,"Parking, Lift, Home Automation, Swimming Pool"
810,Lakeview Flats,Apartment,Kokapet,15192195,"Garden, Clubhouse, Swimming Pool, Lift, Gym, Parking"
811,Golden Square,Commercial,Narsingi,13649920,"Security, Parking, Clubhouse, Solar Water Heater, Children's Park"
812,Elite Arcade,Commercial,Tukkuguda,5971050,"Parking, Security, Power Backup, Solar Water Heater, Children's Park"
813,Meadow Enclave,Villa,Adibatla,22328358,"Security, Parking, Garden, Children's Park"
814,Maple Arcade,Commercial,Bachupally,10027220,"Gym, Lift, Parking, Solar Water Heater"
815,Orchid Residency,Apartment,Kokapet,18144608,"Swimming Pool, CCTV, Parking, Clubhouse, Power Backup, Children's Park"
816,Golden Enclave,Villa,Tukkuguda,12907780,"Solar Water Heater, Children's Park, Home Automation, Lift, Parking"
817,Maple Arcade,Commercial,Beeramguda,6467987,"Garden, Solar Water Heater, Power Backup, Swimming Pool, CCTV, Lift"
818,Palm Heights,Apartment,Beeramguda,4661415,"Garden, CCTV, Children's Park, Gym"
819,Sunshine Villas,Villa,Patancheru,18775077,"Security, Power Backup, Children's Park, CCTV, Parking"
820,Sunshine Towers,Apartment,Patancheru,7211582,"Security, Power Backup, Swimming Pool, Parking"
821,Palm Plaza,Commercial,Narsingi,13699335,"Solar Water Heater, Gym, Swimming Pool, Security, Power Backup, Children's Park"
822,Lakeview Flats,Apartment,Patancheru,7400601,"Home Automation, CCTV, Parking, Gym"
823,Golden Residency,Apartment,HITEC City,14902845,"Garden, Solar Water Heater, CCTV, Power Backup, Parking"
824,Orchid Towers,Apartment,Patancheru,5559457,"Children's Park, Lift, Solar Water Heater, Home Automation"
825,Meadow Enclave,Villa,Kondapur,17133886,"Garden, Solar Water Heater, Lift, Clubhouse, Home Automation"
826,Maple Enclave,Villa,Beeramguda,19321366,"Parking, Power Backup, Lift"
827,Maple Heights,Apartment,Beeramguda,6768720,"Lift, Home Automation, Children's Park, Power Backup, Security, Garden"
828,Palm Towers,Apartment,Miyapur,9668624,"Security, Garden, Power Backup, Gym"
829,Palm Gardens,Villa,Adibatla,22597450,"Parking, Home Automation, Garden, CCTV, Children's Park, Solar Water Heater"
830,Orchid Gardens,Villa,Tukkuguda,12105088,"Gym, Children's Park, Solar Water Heater, Garden"
831,Sunshine Arcade,Commercial,Patancheru,19863384,"Solar Water Heater, Swimming Pool, Home Automation, CCTV"
832,Palm Towers,Apartment,Bachupally,10904680,"Children's Park, Clubhouse, Home Automation, CCTV, Solar Water Heater, Parking"
833,Orchid Plaza,Commercial,Tukkuguda,19641588,"Children's Park, Home Automation, Security, Solar Water Heater, Parking"
834,Lakeview Arcade,Commercial,Adibatla,9304300,"Gym, Swimming Pool, Clubhouse, Power Backup, Solar Water Heater, Lift"
835,Palm Plaza,Commercial,Narsingi,12864354,"Home Automation, Security, Swimming Pool, Clubhouse"
836,Orchid Plaza,Commercial,Kokapet,26456790,"Home Automation, Garden, Power Backup, Children's Park, Swimming Pool"
837,Golden Heights,Apartment,Miyapur,6054750,"Gym, Clubhouse, Swimming Pool, Garden, Lift, Power Backup"
838,Skyline Villas,Villa,Madhapur,18534590,"Parking, Garden, CCTV, Swimming Pool"
839,Golden Residency,Apartment,Beeramguda,6834782,"Gym, Home Automation, Security, Swimming Pool"
840,Lakeview Villas,Villa,Narsingi,14900398,"Swimming Pool, CCTV, Security, Solar Water Heater, Power Backup, Lift"
841,Skyline Estates,Villa,Bachupally,19502260,"Children's Park, Clubhouse, CCTV, Lift, Garden"
842,Elite Villas,Villa,HITEC City,47136726,"Power Backup, Garden, Parking, Clubhouse"
843,Orchid Heights,Apartment,Gachibowli,15598842,"CCTV, Lift, Gym, Power Backup, Solar Water Heater, Home Automation"
844,Maple Gardens,Villa,Gachibowli,28660951,"Garden, Lift, Power Backup, CCTV"
845,Maple Plaza,Commercial,Tukkuguda,6988183,"Home Automation, Parking, Clubhouse, Power Backup, Security"
846,Orchid Plaza,Commercial,Bachupally,22430364,"Garden, Clubhouse, Solar Water Heater, Gym, Home Automation, Power Backup"
847,Orchid Heights,Apartment,Kondapur,8968170,"CCTV, Power Backup, Parking, Home Automation, Gym"
848,Orchid Villas,Villa,Madhapur,25743582,"Swimming Pool, Children's Park, Power Backup"
849,Orchid Residency,Apartment,HITEC City,18502848,"Lift, Swimming Pool, Children's Park, Power Backup"
850,Sunshine Estates,Villa,HITEC City,28230762,"Children's Park, Clubhouse, Security, Lift, Power Backup, Home Automation"
851,Sunshine Centre,Commercial,Adibatla,6749255,"Home Automation, Swimming Pool, Solar Water Heater"
852,Maple Centre,Commercial,Narsingi,35713790,"Parking, CCTV, Swimming Pool, Power Backup"
853,Skyline Towers,Apartment,Kondapur,8873592,"Swimming Pool, Gym, Home Automation, Children's Park"
854,Palm Villas,Villa,Bachupally,18113139,"Swimming Pool, Security, Children's Park, Power Backup, Gym"
855,Maple Flats,Apartment,Tukkuguda,7020524,"Lift, Clubhouse, Children's Park, Power Backup, CCTV, Security"
856,Lakeview Flats,Apartment,Beeramguda,7111479,"Garden, Gym, Power Backup"
857,Orchid Towers,Apartment,Kokapet,14762980,"Power Backup, Swimming Pool, Children's Park"
858,Maple Towers,Apartment,Beeramguda,3857490,"Parking, Power Backup, Lift"
859,Palm Heights,Apartment,Jubilee Hills,9996272,"Clubhouse, Home Automation, CCTV"
860,Lakeview Villas,Villa,Patancheru,15727299,"Children's Park, Power Backup, Gym"
861,Lakeview Heights,Apartment,Jubilee Hills,15506880,"Power Backup, CCTV, Gym"
862,Golden Square,Commercial,HITEC City,26468816,"Lift, Power Backup, Security"
863,Golden Towers,Apartment,Jubilee Hills,10144104,"Swimming Pool, Lift, Children's Park"
864,Sunshine Arcade,Commercial,Gachibowli,48429390,"Home Automation, CCTV, Power Backup, Parking"
865,Golden Arcade,Commercial,Miyapur,39362680,"Home Automation, Clubhouse, Security, Parking"
866,Maple Centre,Commercial,Beeramguda,14452256,"CCTV, Gym, Clubhouse, Swimming Pool, Home Automation, Lift"
867,Sunshine Plaza,Commercial,Narsingi,27335864,"Garden, Security, Clubhouse, CCTV, Solar Water Heater"
868,Palm Villas,Villa,Patancheru,21092680,"Security, Power Backup, Gym, Lift, Children's Park"
869,Orchid Heights,Apartment,Patancheru,5614518,"Power Backup, Home Automation, CCTV, Garden, Swimming Pool"
870,Lakeview Gardens,Villa,Gachibowli,20785732,"Security, Garden, Lift"
871,Elite Gardens,Villa,HITEC City,21535501,"Solar Water Heater, Power Backup, Garden, CCTV"
872,Golden Estates,Villa,Kokapet,25773220,"Home Automation, Lift, Garden, Power Backup"
873,Skyline Square,Commercial,Jubilee Hills,29479647,"Parking, Clubhouse, Children's Park"
874,Golden Residency,Apartment,Adibatla,6244592,"Children's Park, CCTV, Garden"
875,Orchid Residency,Apartment,Jubilee Hills,11771550,"Solar Water Heater, Children's Park, Clubhouse, Garden"
876,Sunshine Towers,Apartment,Kokapet,14026992,"CCTV, Power Backup, Solar Water Heater, Home Automation"
877,Maple Flats,Apartment,Jubilee Hills,15209997,"Power Backup, Children's Park, CCTV, Parking, Lift"
878,Golden Villas,Villa,Jubilee Hills,42339912,"Home Automation, Gym, CCTV, Swimming Pool, Lift, Power Backup"
879,Meadow Villas,Villa,Kokapet,34619622,"Gym, Home Automation, Clubhouse, Garden"
880,Lakeview Enclave,Villa,Patancheru,17383690,"Swimming Pool, Home Automation, Children's Park, Gym, Power Backup"
881,Skyline Flats,Apartment,Kokapet,15192594,"Children's Park, Home Automation, CCTV"
882,Elite Estates,Villa,Kondapur,19346480,"Garden, Gym, Clubhouse, Power Backup, Children's Park"
883,Maple Estates,Villa,Miyapur,15896640,"Power Backup, Solar Water Heater, Home Automation, Clubhouse, Children's Park"
884,Sunshine Arcade,Commercial,Adibatla,7559935,"Solar Water Heater, Clubhouse, Swimming Pool, Gym, Garden, Security"
885,Orchid Enclave,Villa,HITEC City,44836659,"Solar Water Heater, Power Backup, Swimming Pool, Security, Garden"
886,Lakeview Towers,Apartment,Gachibowli,11380726,"Power Backup, Solar Water Heater, Children's Park, Swimming Pool"
887,Palm Centre,Commercial,Adibatla,18487048,"Solar Water Heater, Security, Gym, Swimming Pool, Children's Park, Power Backup"
888,Green Villas,Villa,Jubilee Hills,31976287,"CCTV, Swimming Pool, Lift, Parking, Power Backup, Gym"
889,Elite Residency,Apartment,Gachibowli,15958800,"Home Automation, Power Backup, Parking"
890,Skyline Villas,Villa,HITEC City,28059881,"Children's Park, Clubhouse, Home Automation, Power Backup, Lift"
891,Golden Estates,Villa,Gachibowli,24989568,"Power Backup, Lift, Clubhouse, Swimming Pool, Garden, Children's Park"
892,Elite Square,Commercial,Jubilee Hills,38832924,"Gym, Parking, Security"
893,Maple Estates,Villa,Madhapur,21849060,"Home Automation, Lift, Clubhouse, CCTV"
894,Sunshine Towers,Apartment,HITEC City,10955648,"Security, Gym, Solar Water Heater, Garden, Clubhouse, Lift"
895,Palm Estates,Villa,Narsingi,13969350,"Children's Park, Swimming Pool, Clubhouse, Lift, Home Automation, CCTV"
896,Lakeview Arcade,Commercial,Kokapet,19240780,"Home Automation, Gym, Parking, Security"
897,Orchid Towers,Apartment,Madhapur,10009818,"Home Automation, Garden, CCTV, Children's Park, Clubhouse, Solar Water Heater"
898,Skyline Enclave,Villa,Beeramguda,10761311,"Clubhouse, Power Backup, Lift, CCTV"
899,Green Flats,Apartment,Bachupally,8287040,"Parking, Solar Water Heater, Clubhouse"
900,Green Towers,Apartment,Beeramguda,4699392,"CCTV, Garden, Home Automation, Power Backup, Lift"
901,Orchid Enclave,Villa,Jubilee Hills,30808128,"Clubhouse, Parking, Gym, Security, Swimming Pool, CCTV"
902,Golden Plaza,Commercial,Kondapur,26982747,"Clubhouse, Children's Park, Parking, Lift, Garden, Solar Water Heater"
903,Skyline Flats,Apartment,Narsingi,8008000,"Gym, CCTV, Solar Water Heater, Parking, Lift, Security"
904,Green Centre,Commercial,Adibatla,20185137,"Solar Water Heater, Clubhouse, Home Automation"
905,Orchid Plaza,Commercial,Tukkuguda,5726490,"Clubhouse, Parking, Home Automation, Lift, Swimming Pool"
906,Orchid Residency,Apartment,Kondapur,9665726,"Clubhouse, Lift, Parking"
907,Orchid Centre,Commercial,Narsingi,8161334,"Clubhouse, Lift, Parking, Home Automation"
908,Green Flats,Apartment,Tukkuguda,4390716,"Solar Water Heater, Garden, Home Automation, Children's Park, Clubhouse, Gym"
909,Orchid Heights,Apartment,HITEC City,13344153,"CCTV, Gym, Swimming Pool, Parking"
910,Orchid Estates,Villa,Madhapur,19541704,"Garden, Parking, CCTV"
911,Lakeview Square,Commercial,Gachibowli,48839284,"Clubhouse, Garden, CCTV, Power Backup, Gym, Parking"
912,Palm Heights,Apartment,Narsingi,9057640,"Garden, Children's Park, Gym"
913,Palm Towers,Apartment,Bachupally,9348892,"Lift, Parking, Swimming Pool"
914,Elite Heights,Apartment,Narsingi,9543088,"Garden, Solar Water Heater, Gym, CCTV, Clubhouse, Children's Park"
915,Maple Residency,Apartment,Tukkuguda,6616324,"Home Automation, Clubhouse, Parking, Lift"
916,Meadow Villas,Villa,Patancheru,22993920,"Solar Water Heater, Power Backup, Garden, Parking"
917,Lakeview Gardens,Villa,Kokapet,38079734,"Power Backup, Home Automation, CCTV, Children's Park"
918,Green Gardens,Villa,Tukkuguda,14221326,"Garden, Security, Solar Water Heater, Home Automation, CCTV, Parking"
919,Orchid Residency,Apartment,Patancheru,4520022,"Home Automation, Parking, CCTV, Solar Water Heater"
920,Meadow Villas,Villa,Jubilee Hills,32836950,"Gym, Security, Power Backup, Garden, Clubhouse"
921,Sunshine Enclave,Villa,Miyapur,18276938,"CCTV, Garden, Lift, Power Backup"
922,Golden Estates,Villa,Adibatla,11052712,"Home Automation, Clubhouse, Lift"
923,Maple Gardens,Villa,Miyapur,15520778,"Security, Children's Park, Clubhouse, Lift, Garden"
924,Golden Flats,Apartment,Gachibowli,16393034,"CCTV, Children's Park, Solar Water Heater"
925,Green Gardens,Villa,Beeramguda,12925168,"Clubhouse, Swimming Pool, Parking, Lift, Garden"
926,Green Residency,Apartment,Patancheru,6113338,"Clubhouse, Lift, Gym, Children's Park"
927,Golden Square,Commercial,Kondapur,21639192,"Solar Water Heater, Power Backup, Swimming Pool, CCTV, Parking"
928,Sunshine Plaza,Commercial,Tukkuguda,13715133,"Swimming Pool, Solar Water Heater, Security, Garden, Children's Park"
929,Orchid Enclave,Villa,Bachupally,21752304,"Solar Water Heater, Security, Lift, CCTV, Parking, Gym"
930,Orchid Villas,Villa,Kokapet,31682868,"Power Backup, CCTV, Home Automation, Parking"
931,Skyline Centre,Commercial,Kondapur,14219100,"Solar Water Heater, Lift, Parking, Home Automation, Children's Park"
932,Palm Estates,Villa,Tukkuguda,13718379,"Parking, Garden, Security, Gym"
933,Orchid Villas,Villa,Beeramguda,15712144,"Parking, Children's Park, Home Automation, Clubhouse, Gym, Security"
934,Lakeview Villas,Villa,Jubilee Hills,23159286,"Solar Water Heater, Lift, Security"
935,Palm Heights,Apartment,Narsingi,6851234,"Children's Park, Clubhouse, Parking"
936,Maple Plaza,Commercial,Madhapur,10142976,"Gym, Parking, Clubhouse, Children's Park, Swimming Pool, Power Backup"
937,Sunshine Plaza,Commercial,Gachibowli,18361452,"CCTV, Home Automation, Clubhouse, Garden, Swimming Pool"
938,Elite Towers,Apartment,Gachibowli,14835361,"Home Automation, Garden, Solar Water Heater, Children's Park"
939,Orchid Flats,Apartment,Bachupally,9196539,"Gym, Swimming Pool, Lift, Clubhouse, Home Automation, Solar Water Heater"
940,Skyline Flats,Apartment,Narsingi,11111975,"Children's Park, Swimming Pool, Solar Water Heater, Garden"
941,Orchid Towers,Apartment,HITEC City,16250774,"Children's Park, Swimming Pool, Security, Clubhouse, Power Backup"
942,Maple Towers,Apartment,Narsingi,11252516,"Gym, Power Backup, Security, Clubhouse"
943,Sunshine Arcade,Commercial,HITEC City,21776850,"Home Automation, Security, Garden, Parking, Solar Water Heater, Swimming Pool"
944,Lakeview Heights,Apartment,Kokapet,13922760,"Lift, Clubhouse, CCTV"
945,Elite Villas,Villa,Narsingi,12351042,"Power Backup, CCTV, Children's Park, Swimming Pool, Clubhouse"
946,Sunshine Square,Commercial,Patancheru,17584361,"Swimming Pool, CCTV, Solar Water Heater, Garden"
947,Palm Square,Commercial,Adibatla,23678350,"Garden, Parking, Home Automation"
948,Orchid Square,Commercial,Patancheru,12844170,"Swimming Pool, Solar Water Heater, Garden, Children's Park"
949,Sunshine Arcade,Commercial,Miyapur,31185532,"Clubhouse, Security, Gym, Home Automation, Garden"
950,Meadow Square,Commercial,Tukkuguda,15776453,"Garden, Gym, Swimming Pool"
951,Orchid Gardens,Villa,Madhapur,18713251,"Solar Water Heater, Gym, CCTV, Parking"
952,Golden Heights,Apartment,Kondapur,7441711,"CCTV, Gym, Security, Swimming Pool, Home Automation"
953,Golden Flats,Apartment,Adibatla,7048252,"Solar Water Heater, Security, Home Automation, Garden"
954,Elite Gardens,Villa,Beeramguda,11392125,"Security, Garden, Gym, Power Backup"
955,Lakeview Villas,Villa,Gachibowli,45078390,"Gym, Swimming Pool, Children's Park, Security"
956,Palm Flats,Apartment,Tukkuguda,6151764,"Home Automation, Children's Park, Clubhouse"
957,Sunshine Square,Commercial,Jubilee Hills,17498544,"Gym, Security, CCTV"
958,Maple Centre,Commercial,Patancheru,5498928,"Gym, Home Automation, Clubhouse"
959,Green Plaza,Commercial,Tukkuguda,20679714,"Home Automation, Solar Water Heater, Children's Park, Swimming Pool"
960,Lakeview Arcade,Commercial,Patancheru,25609419,"Swimming Pool, Garden, Parking, Clubhouse, Power Backup, Home Automation"
961,Sunshine Arcade,Commercial,Kokapet,51940810,"Solar Water Heater, Swimming Pool, Home Automation"
962,Meadow Estates,Villa,Patancheru,16396800,"Garden, Power Backup, Clubhouse, Security, CCTV"
963,Elite Heights,Apartment,Beeramguda,7815300,"Security, Lift, Swimming Pool"
964,Green Plaza,Commercial,Narsingi,16443408,"Parking, Lift, CCTV, Garden, Solar Water Heater"
965,Green Villas,Villa,Adibatla,15392643,"Power Backup, CCTV, Solar Water Heater, Garden"
966,Sunshine Estates,Villa,Jubilee Hills,29088378,"Security, Clubhouse, Garden, Swimming Pool"
967,Green Square,Commercial,Tukkuguda,17353204,"Swimming Pool, Security, Power Backup, Children's Park, Solar Water Heater"
968,Orchid Villas,Villa,Beeramguda,13719156,"Security, Garden, Swimming Pool, Power Backup"
969,Elite Arcade,Commercial,Jubilee Hills,17684568,"Parking, Lift, Home Automation"
970,Lakeview Centre,Commercial,Beeramguda,14115319,"Home Automation, Garden, Parking"
971,Golden Villas,Villa,Bachupally,17898356,"Gym, Clubhouse, Security"
972,Maple Villas,Villa,Gachibowli,26637450,"Parking, CCTV, Solar Water Heater, Gym, Power Backup"
973,Lakeview Estates,Villa,Gachibowli,34306888,"Lift, Solar Water Heater, Home Automation, Power Backup"
974,Orchid Heights,Apartment,Gachibowli,13319903,"Security, Children's Park, Clubhouse, Swimming Pool, Parking, Garden"
975,Golden Villas,Villa,Jubilee Hills,43732667,"Parking, Home Automation, Children's Park, Clubhouse"
976,Lakeview Arcade,Commercial,HITEC City,15810753,"Parking, Lift, Power Backup, Security"
977,Lakeview Villas,Villa,Adibatla,14647176,"Power Backup, Garden, Swimming Pool, Home Automation, Security, CCTV"
978,Sunshine Heights,Apartment,Jubilee Hills,13939498,"Lift, Security, Swimming Pool, Clubhouse, Children's Park"
979,Orchid Heights,Apartment,Jubilee Hills,11426976,"Garden, Lift, Power Backup, Solar Water Heater, Parking, Gym"
980,Green Towers,Apartment,Patancheru,5625224,"Parking, Clubhouse, Garden, Home Automation"
981,Skyline Centre,Commercial,Tukkuguda,8452698,"Security, Lift, Parking, Garden, Children's Park, Gym"
982,Golden Square,Commercial,HITEC City,46302202,"Lift, Solar Water Heater, Garden, Clubhouse, CCTV, Home Automation"
983,Green Estates,Villa,Adibatla,19458274,"Home Automation, Power Backup, Parking"
984,Sunshine Towers,Apartment,Patancheru,5176288,"Home Automation, Security, Children's Park, CCTV, Parking, Garden"
985,Palm Estates,Villa,Adibatla,14750814,"Solar Water Heater, Clubhouse, CCTV, Security, Gym, Garden"
986,Golden Flats,Apartment,Beeramguda,7492459,"Solar Water Heater, Gym, Parking, Swimming Pool, Garden"
987,Maple Residency,Apartment,Miyapur,8464473,"Garden, Parking, Swimming Pool"
988,Meadow Gardens,Villa,Bachupally,29344144,"Lift, Parking, Home Automation"
989,Lakeview Gardens,Villa,Gachibowli,27502624,"Security, Lift, Gym, Garden, Children's Park, Parking"
990,Golden Square,Commercial,Gachibowli,45802422,"Parking, CCTV, Solar Water Heater, Lift, Gym, Clubhouse"
991,Maple Residency,Apartment,Miyapur,8504208,"Solar Water Heater, Parking, Power Backup, Security, Swimming Pool, CCTV"
992,Golden Heights,Apartment,Beeramguda,7273908,"Parking, Garden, Power Backup, Children's Park, Security"
993,Skyline Enclave,Villa,Beeramguda,13097494,"Swimming Pool, Lift, Power Backup, Garden, Security, Solar Water Heater"
994,Palm Residency,Apartment,Narsingi,7919929,"Garden, Lift, Parking, CCTV, Swimming Pool, Security"
995,Elite Enclave,Villa,Patancheru,19114528,"Solar Water Heater, Home Automation, Gym, Parking, CCTV, Clubhouse"
996,Elite Centre,Commercial,Miyapur,19431139,"Security, Clubhouse, Swimming Pool, Gym"
997,Green Estates,Villa,Bachupally,30734994,"Gym, Home Automation, Swimming Pool"
998,Sunshine Flats,Apartment,Kokapet,10474198,"Children's Park, CCTV, Garden, Home Automation, Security, Swimming Pool"
999,Lakeview Residency,Apartment,Gachibowli,10646943,"Parking, Security, Garden, Solar Water Heater, Children's Park"
1000,Palm Centre,Commercial,HITEC City,37353680,"Power Backup, Home Automation, Garden, Security, Solar Water Heater"
